URL,Title
https://www.youtube.com/watch?v=7ty0jDUtZ-8,How to improve education and economic opportunity for black South Africans
https://www.youtube.com/watch?v=338dAqdJbOE,Education Crisis in South Africa:Shocking Study Finds 81% 10-Year-Old Children Struggle with Reading
https://www.youtube.com/watch?v=P2j4k45hMV4,Africa''s Education Challenge: Growing Population Struggling School Systems
https://www.youtube.com/watch?v=rdz_xXTe160,Corruption Watch report finds prevalence of corruption in South African education
https://www.youtube.com/watch?v=JMLsHI8aV0g,How China Is Using Artificial Intelligence in Classrooms | WSJ
https://www.youtube.com/watch?v=KjkfX061EUo,Pretoria Girls High School pupils speak out
https://www.youtube.com/watch?v=krUSvoaEunQ,Inequality in education persists in South Africa
https://www.youtube.com/watch?v=LMTuVRhzbmU,The week that was: Libyan Military camp in SA the Olympic games spectacle
https://www.youtube.com/watch?v=8RBAPVY4S-U,TAUGHT TO FEAR: Corporal Punishment in the Classroom - BBC Africa Eye documentary
https://www.youtube.com/watch?v=EuwMB1Dal-4,What is Climate Change? Explore the Causes of Climate Change
https://www.youtube.com/watch?v=C0CnkI-jLoo,The state of education in South Africa
https://www.youtube.com/watch?v=dxfSOLdD3fQ,South Africa struggles to transform education
https://www.youtube.com/watch?v=pa95EMX8xt0,Ghanaian American Inventor Reveals How The British Designed The Education System In Africa
https://www.youtube.com/watch?v=sj1Ubb-emm4,A school uniform that 'grows' ensures African girls can continue their education for years to come
https://www.youtube.com/watch?v=KmUdvTQRbvQ,Discussion | State of South Africa's education system
https://www.youtube.com/watch?v=9LFBr1YG1Fg,Education in South Africa has become a big business
https://www.youtube.com/watch?v=3U1EYNkGKUY,"UNESCO & Republic Of Korea Launch Better Education For Africa"" | News Extra | 17th April 2024 | NTA"""
https://www.youtube.com/watch?v=XA12GObU7kg,Budget 2024 | South Africa cannot afford any cuts in the education budget: Activists
https://www.youtube.com/watch?v=zTJVtSMoHfg,'Education is key in Africa': Kenneth Matengu
https://www.youtube.com/watch?v=weCeBIUpEE0,Talk Africa: Decolonizing education in Africa
https://www.youtube.com/watch?v=nYSbsjw2tx0,NOTHING CHANGES IF NOTHING CHANGES 2.0 - Best Motivational Speeches
https://www.youtube.com/watch?v=pTnk_7pow4E,WORK HARD IN SILENCE - Motivational Video
https://www.youtube.com/watch?v=LDWYSLwZQ3c,Workout Motivation Music Mix 2024 üëä Fitness Gym Workout Motivation Music üëä Best Gym Music 2024
https://www.youtube.com/watch?v=GYDNbzp650E,ATTITUDE Motivational Video | Powerful Hindi Inspirational video to Change Life and Achieve Success
https://www.youtube.com/watch?v=afQ8_6YTL-M,NOBODY IS COMING TO SAVE YOU. BE YOUR OWN HERO AND SAVE YOURSELF. - Best Motivational Speeches
https://www.youtube.com/watch?v=HC11VopwT30,DEDICATE YOURSELF FOR 1000 DAYS. BECOME DISCIPLINED. - Best Motivational Video Speeches
https://www.youtube.com/watch?v=9sN9m4-EeNk,YOU OWE YOU (Eric Thomas) Powerful Motivational Video
https://www.youtube.com/watch?v=fvAdiZGkwbA,FOCUS ON YOU EVERY DAY. WORK YOUR ASS OFF - David Goggins Motivational speech
https://www.youtube.com/watch?v=bIWVClNzJ4s,ùêÉùêëùêéùêè ùêìùêáùêÑ ùêÑùêóùêÇùêîùêíùêÑùêí - ùêåùê®ùê≠ùê¢ùêØùêöùê≠ùê¢ùê®ùêßùêöùê• ùêíùê©ùêûùêûùêúùê°
https://www.youtube.com/watch?v=hT5xOU_3fkA,How U.S. schools are addressing post-pandemic education
https://www.youtube.com/watch?v=1aXub2MVEys,What‚Äôs driving a special education teacher shortage and how schools are responding
https://www.youtube.com/watch?v=ojRde4zCYd0,BREAKING NEWS: Trump Pledges To Close Education Department Rips Biden's Education Record
https://www.youtube.com/watch?v=bx8VGT_05Sc,What is being done as cost of higher education in U.S. continues to rise
https://www.youtube.com/watch?v=3u10R_x2IkY,INDIA'S DEFENCE BUDGET 2024 | Big Disappointment | Compared to USA and China | By Prashant Dhawan
https://www.youtube.com/watch?v=2lmv6ZDm0vw,Democratic candidates debate: Education | ABC News
https://www.youtube.com/watch?v=oUfpUiW4Tug,Moment Bronx medical students find out school will be tuition-free
https://www.youtube.com/watch?v=FSmtbSYE8pg,Foreign Teacher Lands in Rural America: ‚ÄòI Was Surprised‚Äô | VOA Connect
https://www.youtube.com/watch?v=Bgmjs6AcFjU,Inside Finland‚Äôs incredible education system | The Listening Post
https://www.youtube.com/watch?v=H4DfRog3ns4,Nationwide teacher shortage hits schools as new year begins l ABCNL
https://www.youtube.com/watch?v=JMLsHI8aV0g,How China Is Using Artificial Intelligence in Classrooms | WSJ
https://www.youtube.com/watch?v=U3Z9gBKuTIk,How Common Core Broke U.S. Schools
https://www.youtube.com/watch?v=wFqQm1541aA,Teaching in the US vs. the rest of the world
https://www.youtube.com/watch?v=PzU3wkXjgZA,US school districts brace for massive teacher layoffs
https://www.youtube.com/watch?v=oCtqHwjCPOQ,US students head to Germany for free degrees - BBC News
https://www.youtube.com/watch?v=ELFORM9fmss,Flutter Clean Architecture Full Course For Beginners - Bloc Supabase Hive GetIt
https://www.youtube.com/watch?v=rvmEdEZUDLE,School Matters: Education in America
https://www.youtube.com/watch?v=wIPZyXuD5XM,AI education tools are helping students learn grow and gain confidence
https://www.youtube.com/watch?v=exftUshGGOs,BREAKING NEWS: Trump Announces Massive Higher Education Overhaul To Create 'The American Academy'
https://www.youtube.com/watch?v=aWJ0OaojfiA&t=265s,Why College Is So Expensive In America
https://www.youtube.com/watch?v=n1YfobP8z6M,Should All US Students Learn the Same Thing?
https://www.youtube.com/watch?v=nGo0e6kg2qM,Schools across US forced to get creative amid teacher shortage
https://www.youtube.com/watch?v=LotHh4dxfpw,American Turning Point: Politics in public education | ABC News
https://www.youtube.com/watch?v=TcYXzgXfuts,Bangladesh PM blames deadly protests on political opponents | BBC News
https://www.youtube.com/watch?v=rU63Mpr5-Q4&t=21s,How brutal was the crackdown of Bangladesh's student protests? | Ask DW
https://www.youtube.com/watch?v=iQJ7EPxvTLY,Bangladesh minister on government's response to deadly anti-quota protests | Talk to Al Jazeera
https://www.youtube.com/watch?v=HHKaTy9hD-E,Harris slams Trump at her first presidential rally
https://www.youtube.com/watch?v=NrYEa-6kZy4,Social media & twitter abuse in politics - BBC News
https://www.youtube.com/watch?v=abmZx7leQyk,Bangladesh Anti-Quota Protests Expose Simmering Anger Against Ruling Party & PM Sheikh Hasina
https://www.youtube.com/watch?v=24LeYQ_VwPg,New Zealand PM Luxon apologises for care system abuse | Latest English News | WION
https://www.youtube.com/watch?v=Kg6iKzXbCAE,Dhruv Rathee vs Modi Govt - Who Is Speaking The Truth?
https://www.youtube.com/watch?v=k9oj9ekaQAw,Indian peace activist: 'Anti-Muslim violence in India is central to BJP's ideological core'
https://www.youtube.com/watch?v=bQJ7U81UbTw,Bangladesh authorities detain student protest leaders in hospital
https://www.youtube.com/watch?v=CEN4XNth61o,Clay Shirky: How the Internet will (one day) transform government
https://www.youtube.com/watch?v=x96vSzHPIZo,What issues do Trump and Harris want to fight the election on? | Inside Story
https://www.youtube.com/watch?v=Zo1ut7WtA-M,Bangladesh: Students Allege Physical Abuse By Police Protests Cancelled For Two More Days
https://www.youtube.com/watch?v=D7NMT0CGcF8,Politics Of Abuse Heightens As Party Leaders Cuss Each Other Out
https://www.youtube.com/watch?v=Kk_KVpAADDA,New Zealand inquiry finds 200000 abused in state and religious care | Latest English News | WION
https://www.youtube.com/watch?v=IcEbnRtpLfw,Sweden reexamines the use of computers in schools | Focus on Europe
https://www.youtube.com/watch?v=7xCe2m0kiSg,Why Finland's schools outperform most others across the developed world | 7.30
https://www.youtube.com/watch?v=oCtqHwjCPOQ,US students head to Germany for free degrees - BBC News
https://www.youtube.com/watch?v=Bgmjs6AcFjU,Inside Finland‚Äôs incredible education system | The Listening Post
https://www.youtube.com/watch?v=MyqdtnOxjGM,Dr. Conrad King: Higher education systems in Europe and Canada
https://www.youtube.com/watch?v=jEX5iWb9XZM,Why the EU is About to Impose a Hard Border in Gibraltar
https://www.youtube.com/watch?v=wFqQm1541aA,Teaching in the US vs. the rest of the world
https://www.youtube.com/watch?v=tqWrscNMeok,The 52nd Pan-European Conference on Digital Education
https://www.youtube.com/watch?v=nROxnWBhrv0,Studying in Germany: What international students should know | Germany In A Nutshell
https://www.youtube.com/watch?v=CA1YJhUSuHM,Paris Olympics Opening Ceremony Sparks Outrage: ‚ÄòDisrespectful Garbage‚Äô | Paris Olympics 2024
https://www.youtube.com/watch?v=EUP0J7tU6kk,Everything You Need to Know to Study in Spain
https://www.youtube.com/watch?v=AkkGWE9iC80,A Roma‚Äôs Education Story
https://www.youtube.com/watch?v=ceWeIKLfgv8,HOW WE DO SCHOOL FINLAND EP 3: A School Designed For All
https://www.youtube.com/watch?v=0eQElYtUgjs,euronews U talk - Education in Europe
https://www.youtube.com/watch?v=k4Jl5L2LsBY,"Von der Leyen's Plans for a Geopolitical"" EU Explained"""
https://www.youtube.com/watch?v=nrZ21nD9I-0,Gender stereotypes and education
https://www.youtube.com/watch?v=OkcNAWfKTIE,Germany Begin Destroying Islamic Mosques Spreading Extremism: How Germany Tackled Immigration Crisis
https://www.youtube.com/watch?v=G3mGMgscrLw,Europe's Roma struggle with education
https://www.youtube.com/watch?v=FUiu-cdu6mA,Motivational video | This will change your mind | whatsapp 30 sec video |
https://www.youtube.com/watch?v=E9lAeMz1DaM,Motivation Quickie - This Speech Will Pump You Up in 30 Seconds
https://www.youtube.com/watch?v=-K23aIcaMrg,Life is fragile | Reduce speed | motivational video üëç
https://www.youtube.com/watch?v=fLeJJPxua3E,Best Short Motivational Speech Video - 24 HOURS - 1-Minute Motivation #2
https://www.youtube.com/watch?v=ZkJgNRO4Sws,STOP WASTING TIME - 30 Sec Motivational Quotes on time
https://www.youtube.com/watch?v=7qXzA8V1qa8,How to Create VIRAL Motivational Videos for MILLIONS of Views
https://www.youtube.com/watch?v=J0htSOAxPCM,Step to Success - Motivational Quotes for Success  |  Animated Video
https://www.youtube.com/watch?v=PoN05pqAtz4,The Chase 30 sec animation
https://www.youtube.com/watch?v=SHnbR4FCCI0,Entrepreneur motivational video || enterprenure status || business motivation status||1
https://www.youtube.com/watch?v=isNQWrWwT-M,üò±Motivational Shorts Kaise Banaye | How To Make Motivational Videos On Youtube |
https://www.youtube.com/watch?v=mWZ6b_I-Djg,"Life"" - A Silent  Smart & Simple Short Film!"""
https://www.youtube.com/watch?v=a3CtP4-iV80,Top 5 inspiration Dialogue For Students Of Bollywood movie | Top Motivational Dialogue For Students
https://www.youtube.com/watch?v=BDB3EH7OWvA,How Most People View Entrepreneurs in 30 Seconds- Motivational Video
https://www.youtube.com/watch?v=QbL0X3B4mjg,5 Minutes for the Next 50 Years - Mathhew McConaughey Motivational Speech
https://www.youtube.com/watch?v=6zrC3nmuPqc,"what is respect""|Qasim Ali shah status|WhatsApp status|golden lines|motivational speaker|sad status"""
https://www.youtube.com/watch?v=0CHqlvFuJSM,Businessman attitude üî• status || boys attitude status üî• || success status || attitude status
https://www.youtube.com/watch?v=5g1LtbCtVhs,Time Story.A Motivational Story.
https://www.youtube.com/watch?v=sVPYIRF9RCQ,THE SEED // Inspirational Short Film
https://www.youtube.com/watch?v=f8H-VI_hPwE,Breaking: Oath Taking of Adhoc Judges in Supreme Court | No media interaction | Siddique Jaan
https://www.youtube.com/watch?v=ANlQ1If7JS4,ÿπŸÖÿ±ÿßŸÜ ÿÆÿß⁄∫ ÿ≥€í ÿßŸÖÿ±€å⁄©€å ÿ≥ŸÅÿßÿ±ÿ™ ⁄©ÿßÿ±Ÿà⁄∫ ⁄©€å ŸÖŸÑÿßŸÇÿßÿ™ÿü
https://www.youtube.com/watch?v=LQg1F0hWYnU,Capacity Payments: Why is the issue of IPPs Driving Up Electricity Bills in Pakistan - BBC URDU
https://www.youtube.com/watch?v=JmOBM160jZ0&t=656s,21 Days Challenge - How to reprogram your Mind for Success | by Him eesh Madaan
https://www.youtube.com/watch?v=MoLaqosHlyY,5 Habits of Mentally Strong People in Hindi
https://www.youtube.com/watch?v=XSALGHLkcWU,FUNNIEST FACTS OF PAKISTAN (2.0)
https://www.youtube.com/watch?v=_1QRJgA-IoM,Exam cheating with AI: BBC News Review
https://www.youtube.com/watch?v=WYfzuSNFjwI,How serious is India's exam cheating scandal? | Inside Story
https://www.youtube.com/watch?v=xZ-XsGDkQ_E,Cheating in CSIR NET JUNE 2024 Exam ! ‡§ï‡•ç‡§Ø‡§æ Exam Re-conduct ‡§π‡•ã‡§ó‡§æ..?
https://www.youtube.com/watch?v=8rujjtXevSw,Asian Games 2023 Latest News | Anju Bobby George Accuses China Of Cheating | English News | News18
https://www.youtube.com/watch?v=eg5G1A_mTFg,The Chess Cheating Scandal Explained | WSJ
https://www.youtube.com/watch?v=_N7SOj4PB2c,India: Vest that helps exam cheats - BBC News
https://www.youtube.com/watch?v=NGWZeJOAfIo,Overseas students launch legal action against Home Office after exam cheating accusations
https://www.youtube.com/watch?v=l6aT7ZYyxXU,Gravitas: Dubai Princess calls out infidelity in public split  uses Triple Talaq to end marriage
https://www.youtube.com/watch?v=7GvlPF8kIn4,US teachers in cheating scandal
https://www.youtube.com/watch?v=l01biyMZjEo,Cheating With ChatGPT: Can OpenAI‚Äôs Chatbot Pass AP Lit? | WSJ
https://www.youtube.com/watch?v=0XwYDsWSuyM,Karnataka News | Karnataka BJP Vs Congress | Congress Cheating People: BJP | English News | News18
https://www.youtube.com/watch?v=HQBytgYVn0o,Steve Smith breaks down during ball tampering press conference | ABC News
https://www.youtube.com/watch?v=uy3MWzkBW3A,British ‚Äòdads‚Äô bought by pregnant migrants in visa scam - BBC Newsnight
https://www.youtube.com/watch?v=GYeJC31JcM0,New AI chatbot 'ChatGPT' interviewed on TV
https://www.youtube.com/watch?v=hw7UG9tqjwk,Airline passengers cheating their way onto planes faster
https://www.youtube.com/watch?v=a9Ug_V25wJI,Thousands claiming no wrongdoing after being accused of cheating English language test
https://www.youtube.com/watch?v=9Ms5UCFLb_A,Cheating Becomes Normal During 9th & 10th Class Exams | Breaking News | Dawn News
https://www.youtube.com/watch?v=yrvqRD2x4uQ,Why People No Longer Read Books | Between the Lines with Palki Sharma
https://www.youtube.com/watch?v=sB34sRehUvU,Befriend Yourself | Nivetha Thomas | TEDxOMCH
https://www.youtube.com/watch?v=yqwfP2vXWJQ&t=1s,Build the BEST Chat App on Web | WhatsApp Clone | Flutter Firebase Riverpod Tutorial
https://www.youtube.com/watch?v=_qHgrxmHwfY,Karnataka News | Students Paid Rs 3000 To School For 'Openly Cheating | English News Updates
https://www.youtube.com/watch?v=Jfv2uU6xl64,Cheating Is Easier Than Ever For Online College Students | TODAY
https://www.youtube.com/watch?v=Rtg21e8RnH0,Criminal gangs are cheating the UK citizenship test - BBC London
https://www.youtube.com/watch?v=mL_csRgRCTY,Twitter Vs Threads | Elon Musk Accuses Mark Zuckerberg Of Cheating | News18 | English News
https://www.youtube.com/watch?v=-t_J4GPZ-a8,Canada coach banned team loses points over drone scandal | REUTERS
https://www.youtube.com/watch?v=EHOESeObBq4,Anti Cheating Bill | Bill In Lok Sabha To Curb Cheating Paper Leaks In Government Recruitment Exams
https://www.youtube.com/watch?v=n7qIl4CJQHM,Aishwarya Rai & Abhishek Bachchan getting a DIVORCE? Here‚Äôs the truth!
https://www.youtube.com/watch?v=3pm37DayuvU,Reasons Behind  Aishwarya Rai's Divorce with Abhishek Bachchan
https://www.youtube.com/watch?v=2KJDCMIY-u8,Abhishek Bachchan & Aishwarya Rai To Take Grey Divorce? Know Exactly What It Is
https://www.youtube.com/watch?v=zfW8nkvxxjo,Aishwarya Rai Bachchan's SLAM BOOK goes VIRAL amid divorce speculations with Abhishek Bachchan
https://www.youtube.com/watch?v=CcTO0atUeGY,Dubai Princess Sheikha Mahra announces divorce from husband due to 'infidelity' | World news | WION
https://www.youtube.com/watch?v=WxvQw4ya_Ag,Zoom Live Show: Aishwarya Rai-Abhishek Bachchan's DIVORCE? | Malaika Arora-Arjun Kapoor's patch up?
https://www.youtube.com/watch?v=TiHwllE8clk,Jaya Bachchan confirmed Divorce between Aishwarya Rai & Abhishek BLOCKED her on Social Media
https://www.youtube.com/watch?v=l6aT7ZYyxXU,Gravitas: Dubai Princess calls out infidelity in public split uses Triple Talaq to end marriage
https://www.youtube.com/watch?v=jML0updrEQ4,Aishwarya-Abhishek Divorce News: ‡§ê‡§∂‡•ç‡§µ‡§∞‡•ç‡§Ø‡§æ ‡§ï‡•á Slam Book ‡§Æ‡•á‡§Ç ‡§ê‡§∏‡§æ ‡§ï‡•ç‡§Ø‡§æ ‡§π‡•à ‡§ú‡•ã ‡§π‡•ã ‡§∞‡§π‡§æ Viral? | Bollywood
https://www.youtube.com/watch?v=sPB2QYZ6omc,Abhishek Bachchan ‚ÄòLikes‚Äô Post On Divorce Amid Rumours Of Separation With Aishwarya Rai
https://www.youtube.com/watch?v=8z3eFT1HwBk,Aishwarya Rai ‡§î‡§∞ Abhishek Bachchan ‡§ï‡•Ä ‡§∂‡§æ‡§¶‡•Ä Grey Divorce ‡§ï‡•Ä ‡§ì‡§∞ ? ‡§ï‡•ç‡§Ø‡§æ ‡§π‡•ã‡§§‡§æ ‡§π‡•à ‡§ó‡•ç‡§∞‡•á ‡§§‡§≤‡§æ‡§ï ?
https://www.youtube.com/watch?v=cLRsZZDiQyI,Dear Dhruv Rathee you are a BULLY.
https://www.youtube.com/watch?v=rQXr2A0VCxg,‡§ï‡•ç‡§Ø‡§æ ‡§π‡•ã‡§§‡§æ ‡§π‡•à Grey Divorce? Aishwarya Rai ‡§î‡§∞ Abhishek Bachchan ‡§∏‡•á ‡§ú‡•Å‡§°‡§º‡§æ ‡§Æ‡§æ‡§Æ‡§≤‡§æ! |Couples |Latest News
https://www.youtube.com/watch?v=9v69qFw6i2U,The Divorced Billionaire Heiress Full Movie In English Review | Chris Pine Halston Sage
https://www.youtube.com/watch?v=_NlBM_rCS3c,How R&AW Once Almost KILLED Pakistan PM NAWAZ SHARIF
https://www.youtube.com/watch?v=WbP_SFYfklw,Naga Chaitanya & Samantha On One Stage After Divorce | Prime Video Launch Event | TV5 Tollywood
https://www.youtube.com/watch?v=JFwFnEIWnNs,Abhishek Bachchan And Aishwarya Rai Divorce? | Bollywood Actors | Breaking News
https://www.youtube.com/watch?v=7R6P0YfPv84,Abhishek Bachchan confirmed divorce with aishwarya rai & gave a shocking Reaction on their divorce
https://www.youtube.com/watch?v=KCYtiJ12GK4,What is Grey Divorce | Aishwarya Rai & Abhishek Bachchan getting a Divorce | Sanskriti IAS | UPSC
https://www.youtube.com/watch?v=TlvNMlIMWhw,Halala: The Men Who Sell Divorce - BBC News
https://www.youtube.com/watch?v=M13SL6xbzg4,The SHOCKING Divorce Of Dubai Princess Sheikha Mahra. What Exactly Happened ?
https://www.youtube.com/watch?v=ANlQ1If7JS4,ÿπŸÖÿ±ÿßŸÜ ÿÆÿß⁄∫ ÿ≥€í ÿßŸÖÿ±€å⁄©€å ÿ≥ŸÅÿßÿ±ÿ™ ⁄©ÿßÿ±Ÿà⁄∫ ⁄©€å ŸÖŸÑÿßŸÇÿßÿ™ÿü
https://www.youtube.com/watch?v=f8H-VI_hPwE,Breaking: Oath Taking of Adhoc Judges in Supreme Court | No media interaction | Siddique Jaan
https://www.youtube.com/watch?v=LQg1F0hWYnU,Capacity Payments: Why is the issue of IPPs Driving Up Electricity Bills in Pakistan - BBC URDU
https://www.youtube.com/watch?v=HFFTF7NC9xw,Bad News For Bachchan Family? | Shocking Statement | Bollywood Actors | Breaking News
https://www.youtube.com/watch?v=ZS249Ak9SSo,Jaya Bachchan confirms Divorce News after Fight with Aishwarya Rai Abhishek seen Angry
https://www.youtube.com/watch?v=oAkPaRvImis,Hamid Mir Analysis | Imran Khan Deal With Establishment? Reserved Seats | Iddat Case | Supreme Court
https://www.youtube.com/watch?v=JrNlGLedsro,Sheikha Mahra's First Message After Divorce | Shocking Photos Gets Viral | Public News
https://www.youtube.com/watch?v=Z96N57eV1EA,FULL SPEECH: President Joe Biden gives address after dropping out of 2024 election
https://www.youtube.com/watch?v=mTgtRR3x2QA,Bangladesh student protests: UN demands investigation of government crackdown
https://www.youtube.com/watch?v=VpmTv839Zk4,US military intercepts Russian Chinese bombers near Alaska | World English News | WION
https://www.youtube.com/watch?v=hi3eD_BiWCo,US military intercepts Russian Chinese bombers near Alaska | Latest English News | WION
https://www.youtube.com/watch?v=TMF9dWjg8P0,Bangladesh deploys UN-marked vehicles to quell student protests | DW News
https://www.youtube.com/watch?v=uplJnu_e4pc,Olympics opening ceremony 'Last Supper' parody sparks anger among Catholics conservatives
https://www.youtube.com/watch?v=g8q-Nq-ajx8,Social media and teenage health ‚è≤Ô∏è 6 Minute English
https://www.youtube.com/watch?v=rIzGuKppGMA,Priyanka Chopra Jonas on body shaming social media and pay parity - BBC World Service
https://www.youtube.com/watch?v=HHKaTy9hD-E,Harris slams Trump at her first presidential rally
https://www.youtube.com/watch?v=BC3YXRPDcVE,BREAKING: Trump rally shooter bodycam released after assassination attempt | LiveNOW from FOX
https://www.youtube.com/watch?v=L87PAAejHPs,Learn English with the JOE ROGAN PODCAST ‚Äî Elon Musk
https://www.youtube.com/watch?v=lCwHWH8T2ck,How is the loneliness epidemic affecting society? | The Stream
https://www.youtube.com/watch?v=C0BTI3l9tdc,US hails productive talks with China at ASEAN summit | DW News
https://www.youtube.com/watch?v=ICiLNX-EGmY,Are you addicted to social media?
https://www.youtube.com/watch?v=-mvUkiILTqI,LIVE: Latest News Headlines and Events l ABC News Live
https://www.youtube.com/watch?v=REz6UwO6i_8,Cheap Indian Slippers Being Sold In Saudi Arabia For Nearly $1200 | Firstpost America
https://www.youtube.com/watch?v=LYJw0vYm_FY,Russia-Ukraine war LIVE: Russia burns NATO weapons; 2000 Ukrainians troops 'Killed' | WION LIVE
https://www.youtube.com/watch?v=66cD5En8Vfg,Social Media is Making Us Unsocial | Kristin Gallucci | TEDxBocaRaton
https://www.youtube.com/watch?v=AjtX1N_VT9E,MIT 6.S191 (2021): Convolutional Neural Networks
https://www.youtube.com/watch?v=Y4X-OYFEPLM,The dangers of social media addiction
https://www.youtube.com/watch?v=oqzf48e_Wu0,US finance regulators investigate Donald Trump's new social media deal | Latest World English News
https://www.youtube.com/watch?v=3Ak8sDGZv9o,Live: Israeli Prime Minister Netanyahu addresses US Congress | DW News
https://www.youtube.com/watch?v=FZDImEiPgMk,Feed your brain ‚è≤Ô∏è 6 Minute English
https://www.youtube.com/watch?v=u2NuUWuwPCM,TRANSFORMERS ONE | Official Trailer 2 (2024 Movie) - Chris Hemsworth Brian Tyree Henry
https://www.youtube.com/watch?v=2_QCQyvuuo8,'We did it!': France celebrates successful Olympics opening ceremony despite challenges
https://www.youtube.com/watch?v=iCRDQl9hosw,Paris Olympics:  arson attacks bring chaos to French rail network before opening ceremony | BBC News
https://www.youtube.com/watch?v=o7fT3gE76xg,Paris Olympics 2024: Grand Opening Ceremony Sparks Massive Uproar For ‚ÄòAnti-Christianity‚Äô Acts
https://www.youtube.com/watch?v=F8p8uPjgziw,Paris set for 2024 Olympics opening ceremony as security tightened | BBC News
https://www.youtube.com/watch?v=I2A66Cg1Taw,Deadpool & Wolverine Movie Review | Yogi¬†Bolta¬†Hai
https://www.youtube.com/watch?v=flIEvHbIuSE,Zelensky sacks Ukraine's ambassador to UK after criticism | English News | WION
https://www.youtube.com/watch?v=R_ysuDvQmJY,IAS Smita Sabharwal's Disability Quota Remark Draws Massive Criticism & Other News
https://www.youtube.com/watch?v=rIzGuKppGMA,Priyanka Chopra Jonas on body shaming social media and pay parity - BBC World Service
https://www.youtube.com/watch?v=olvcGbTgWhU,Pakistan Military Brushes Aside Criticism Of New ‚ÄòVision‚Äô | Dawn News English
https://www.youtube.com/watch?v=NFt3eJbCuyo,Shashi Tharoor‚Äôs Stinging Criticism Of Sitharaman‚Äôs Budget 2024; ‚ÄòModi Govt Has Run Out Of Ideas‚Ä¶‚Äô
https://www.youtube.com/watch?v=Ast-229boF8,Sleep Will Not Fix Your Fatigue. Here's Why. | Vantage with Palki Sharma
https://www.youtube.com/watch?v=2PUiopS8GrQ,How BeerBiceps became a 100 crores Media Giant?  | Indian Business Podcast : Episode 11
https://www.youtube.com/watch?v=okBDHGELXw4,Italian PM Giorgia Meloni in China To Meet President Xi Jinping
https://www.youtube.com/watch?v=FcKZplaD10E,Son of slain Canadian Sikh leader speaks out on allegations India responsible for father's murder
https://www.youtube.com/watch?v=_28spruOBJk,Santos faces fresh criticism after admitting to falsifying resume I English News I WION
https://www.youtube.com/watch?v=cexg2rsRF_4,Do Institutions Need Shielding From Criticism? | Spotlight | Dawn News English
https://www.youtube.com/watch?v=XjRD1HQRuGU,India Gives Reality Check To U.S. Over Criticism Of PM Modi‚Äôs Russia Visit: ‚ÄòYou Must Understand‚Ä¶‚Äô
https://www.youtube.com/watch?v=wifGiwBXIjg,BJP Panelist Shuts Down Congress' Criticism Of PM Modi | Watch | English News
https://www.youtube.com/watch?v=e4CERhKjP6I,Amazon's bid to mute criticism in China | Latest World English News | Top Headlines
https://www.youtube.com/watch?v=NqwvvYMprD8,EU calls on Russia to release Kremlin critic Alexei Navalny | English News | WION
https://www.youtube.com/watch?v=eLDnKkv5nuo,US ramps up criticism of Israel over Rafah assault ‚Ä¢ FRANCE 24 English
https://www.youtube.com/watch?v=udhot8rrgL4,India Canada Latest News | Trudeau Administration In Canada Under Intense Criticisms | English News
https://www.youtube.com/watch?v=P6GmY5pnWRs,‡¶∂‡¶ø‡¶ï‡ßç‡¶∑‡¶æ ‡¶™‡ßç‡¶∞‡¶§‡¶ø‡¶∑‡ßç‡¶†‡¶æ‡¶® ‡¶ñ‡ßã‡¶≤‡¶æ‡¶∞ ‡¶¨‡¶ø‡¶∑‡¶Ø‡¶º‡ßá ‡¶Ø‡¶æ ‡¶ú‡¶æ‡¶®‡¶æ‡¶≤‡ßá‡¶® ‡¶∂‡¶ø‡¶ï‡ßç‡¶∑‡¶æ‡¶Æ‡¶®‡ßç‡¶§‡ßç‡¶∞‡ßÄ | Education Minister | School | Dainikshiksha
https://www.youtube.com/watch?v=gaUCRyocdjY,28 July 2024 | The Hindu Newspaper Analysis | 28 July 2024 Current Affairs Today |Editorial Analysis
https://www.youtube.com/watch?v=oU6k0UY1w6U,‡¶Ü‡¶∞‡ßã ‡¶ö‡¶æ‡¶∞‡¶ü‡¶ø ‡¶™‡¶∞‡ßÄ‡¶ï‡ßç‡¶∑‡¶æ ‡¶∏‡ßç‡¶•‡¶ó‡¶ø‡¶§ | HSC Exam | Exam Postponed | BD Carfue | ATN News
https://www.youtube.com/watch?v=pBoILzcvAR4,‡¶ï‡¶¨‡ßá ‡¶ñ‡ßÅ‡¶≤‡¶õ‡ßá ‡¶∂‡¶ø‡¶ï‡ßç‡¶∑‡¶æ‡¶™‡ßç‡¶∞‡¶§‡¶ø‡¶∑‡ßç‡¶†‡¶æ‡¶® ‡¶ú‡¶æ‡¶®‡¶æ‡¶≤ ‡¶∂‡¶ø‡¶ï‡ßç‡¶∑‡¶æ‡¶Æ‡¶®‡ßç‡¶§‡ßç‡¶∞‡ßÄ | Education Minister | Open Educational institution
https://www.youtube.com/watch?v=k1PteANPPUY,RUHS BSc Nursing 2024 Exam Date |RUHS BSc Nursing 2024 Exam Kab Hoga |RUHS BSc Nursing 2024 Strategy
https://www.youtube.com/watch?v=rONibauoc0w,‡¶∂‡¶ø‡¶ï‡ßç‡¶∑‡¶æ‡¶™‡ßç‡¶∞‡¶§‡¶ø‡¶∑‡ßç‡¶†‡¶æ‡¶® ‡¶ï‡¶¨‡ßá ‡¶ñ‡ßÅ‡¶≤‡¶¨‡ßá ‡¶Ø‡¶æ ‡¶ú‡¶æ‡¶®‡¶æ‡¶≤‡ßá‡¶® ‡¶∂‡¶ø‡¶ï‡ßç‡¶∑‡¶æ‡¶Æ‡¶®‡ßç‡¶§‡ßç‡¶∞‡ßÄ | Quota Movement | Education Minister | Nowfel
https://www.youtube.com/watch?v=Sc96p2e9x2w,‡¶ï‡¶¨‡ßá ‡¶ñ‡ßÅ‡¶≤‡¶¨‡ßá ‡¶∂‡¶ø‡¶ï‡ßç‡¶∑‡¶æ ‡¶™‡ßç‡¶∞‡¶§‡¶ø‡¶∑‡ßç‡¶†‡¶æ‡¶®? ‡¶Ø‡¶æ ‡¶¨‡¶≤‡¶≤‡ßá‡¶® ‡ß® ‡¶Æ‡¶®‡ßç‡¶§‡ßç‡¶∞‡ßÄ | Curfew | Home & Education Minister | Jamuna TV
https://www.youtube.com/watch?v=wIPZyXuD5XM,AI education tools are helping students learn grow and gain confidence
https://www.youtube.com/watch?v=T-JVpKku5SI&t=22s,The problem of education inequality | CNBC Reports
https://www.youtube.com/watch?v=CwhCIXflL9o,Is AI bad news for education?
https://www.youtube.com/watch?v=YpfBuYFwmtk,Bihar news Live : ‡§¨‡§ø‡§π‡§æ‡§∞ ‡§ï‡•á ‡§∂‡§ø‡§ï‡•ç‡§∑‡§ï‡•ã‡§Ç ‡§ï‡•Ä ‡§¨‡§¶‡§≤‡•Ä ‡§ú‡§æ‡§è‡§ó‡•Ä ‡§∏‡•ç‡§ï‡•Ç‡§≤ ‡§ü‡§æ‡§á‡§Æ‡§ø‡§Ç‡§ó ?| Bihar School Timing Change Live
https://www.youtube.com/watch?v=2lmv6ZDm0vw,Democratic candidates debate: Education | ABC News
https://www.youtube.com/watch?v=ACNhN35jJR8,Sindh Education Dept Mein Uhday Tabdeel Karny Ka Faisla | Dunya News
https://www.youtube.com/watch?v=7xCe2m0kiSg,Why Finland's schools outperform most others across the developed world | 7.30
https://www.youtube.com/watch?v=5CELM4h0pQg,India: New education Reforms aims to start schooling at children at the age of 3 | World News
https://www.youtube.com/watch?v=XlnspY2wOVw&t=1551s,Why The Education System Is Failing America | CNBC Marathon
https://www.youtube.com/watch?v=vY2AkXAIOjk,Education strategies have done 'little' to improve outcomes report says | ABC News
https://www.youtube.com/watch?v=9MBBdNYoYdo,‡¶™‡ßÅ‡¶≤‡¶ø‡¶∂‡¶ø ‡¶π‡¶Ø‡¶º‡¶∞‡¶æ‡¶®‡¶ø ‡¶Æ‡ßã‡¶ï‡¶æ‡¶¨‡ßá‡¶≤‡¶æ‡¶Ø‡¶º ‡¶∂‡¶ø‡¶ï‡ßç‡¶∑‡¶æ‡¶∞‡ßç‡¶•‡ßÄ‡¶¶‡ßá‡¶∞ ‡¶Ø‡ßá ‡¶™‡¶∞‡¶æ‡¶Æ‡¶∞‡ßç‡¶∂ ‡¶¶‡¶ø‡¶≤‡ßá‡¶® ‡¶∂‡¶ø‡¶ï‡ßç‡¶∑‡¶æ‡¶Æ‡¶®‡ßç‡¶§‡ßç‡¶∞‡ßÄ |Education Minister |Channel 24
https://www.youtube.com/watch?v=_1QRJgA-IoM,Exam cheating with AI: BBC News Review
https://www.youtube.com/watch?v=lrw46BgHAmY,Exam cheating scandal hits the US
https://www.youtube.com/watch?v=Aspi5VbQ0C0,US tariffs on Chinese goods: Biden accuses Beijing of 'cheating' on trade
https://www.youtube.com/watch?v=yyTcWcmJbRg,ABC World News Tonight with David Muir Full Broadcast - July 23 2024
https://www.youtube.com/watch?v=E3CxAg7VQ7s,Joe Biden ends re-election campaign | BBC News
https://www.youtube.com/watch?v=7GvlPF8kIn4,US teachers in cheating scandal
https://www.youtube.com/watch?v=l6aT7ZYyxXU,Gravitas: Dubai Princess calls out infidelity in public split uses Triple Talaq to end marriage
https://www.youtube.com/watch?v=rahWB2-F7SI,'They're not competing they're cheating': Biden threatens to triple tariffs on Chinese metals
https://www.youtube.com/watch?v=Jfv2uU6xl64,Cheating Is Easier Than Ever For Online College Students | TODAY
https://www.youtube.com/watch?v=CcTO0atUeGY,Dubai Princess Sheikha Mahra announces divorce from husband due to 'infidelity' | World news | WION
https://www.youtube.com/watch?v=Ladzel6BA4U,This gadget means police can ID you anywhere - BBC London
https://www.youtube.com/watch?v=I4psRiE_YaM,Hear professor's prediction on the future of AI tools
https://www.youtube.com/watch?v=jKzDfXdDaVY&t=10s,LIVE: President Biden drops out of 2024 presidential race endorses VP Kamala Harris
https://www.youtube.com/watch?v=5bMQzwh1IPE,Chess cheating saga rolls on to US Championships | DW News
https://www.youtube.com/watch?v=FUOAfdXhHQI,Golf PRO'S OUTRAGED as PGA TOUR player CAUGHT CHEATING LIVE!!
https://www.youtube.com/watch?v=spzRHqawaCI,Armed wife catches husband in bed with another woman
https://www.youtube.com/watch?v=CGrmln05LHw,Wife orchestrates murder after cheating on husband in marital bed - Crime Watch Daily Full Episode
https://www.youtube.com/watch?v=z3gzGoB6aTQ,Entire High School Class Caught Cheating On Test
https://www.youtube.com/watch?v=xzMft2nKze4,CBC News: The National | Jasper wildfire devastation
https://www.youtube.com/watch?v=rU63Mpr5-Q4&t=21s,How brutal was the crackdown of Bangladesh's student protests? | Ask DW
https://www.youtube.com/watch?v=mTgtRR3x2QA,Bangladesh student protests: UN demands investigation of government crackdown
https://www.youtube.com/watch?v=2PUiopS8GrQ&t=2275s,How BeerBiceps became a 100 crores Media Giant?  | Indian Business Podcast : Episode 11
https://www.youtube.com/watch?v=yrvqRD2x4uQ,Why People No Longer Read Books | Between the Lines with Palki Sharma
https://www.youtube.com/watch?v=g8q-Nq-ajx8,Social media and teenage health ‚è≤Ô∏è 6 Minute English
https://www.youtube.com/watch?v=3wO_-eOr_ec,Bangladesh student leaders arrested 'for their own safety' | DW News
https://www.youtube.com/watch?v=ij_xXZAhJPs,Why people are choosing to quit social media | BBC Ideas
https://www.youtube.com/watch?v=DQqVr0obReo,Palki Sharma RETURNS: Explosive Conversation | Elections International Media & Geopolitics | TRS410
https://www.youtube.com/watch?v=VGLwgtIuvwk&t=18s,Is social media messing with our emotions? | BBC Ideas
https://www.youtube.com/watch?v=38jlJNRBCX8,'You Are Your Brand:' Using Social Media to Find a Job
https://www.youtube.com/watch?v=iQaiMoUn-zc,"The Secret To Achieving the Impossible"" | Ravi Dubey | TEDxGGDSDCollege"""
https://www.youtube.com/watch?v=Y4X-OYFEPLM,The dangers of social media addiction
https://www.youtube.com/watch?v=TMF9dWjg8P0,Bangladesh deploys UN-marked vehicles to quell student protests | DW News
https://www.youtube.com/watch?v=JG_gfTqD-dw,Pakistan Forms JIT To Probe Social Media Campaigns | Dawn News English
https://www.youtube.com/watch?v=RQrLqUxw0U0,NDTV 24x7 Live: Nepal Plane Crash | Shambhu Border Blockade | Rahul Gandhi Parliament | Budget 2024
https://www.youtube.com/watch?v=YdMCL9_UTE4,Mental health and resilience - the secrets of inner strength | DW Documentary
https://www.youtube.com/watch?v=J8DGjUv-Vjc,MINIMALISM: Official Netflix Documentary (Entire Film)
https://www.youtube.com/watch?v=AjtX1N_VT9E,MIT 6.S191 (2021): Convolutional Neural Networks
https://www.youtube.com/watch?v=DnKpnojwz2M,Is social media good for you? - BBC My World
https://www.youtube.com/watch?v=NcaQUH2K-wo,Simon Sinek: The Advice Young People NEED To Hear | E176
https://www.youtube.com/watch?v=DiolfcouB_s,Azma Bukhari's Fake Video On Social Media | Imran Riaz's Reaction | Capital TV
https://www.youtube.com/watch?v=J9Azd8uUkZ8,Australia sues social media giant Meta over Fraud Ads | Latest World English News | WION
https://www.youtube.com/watch?v=AeH4xN6dz4I,Budget Analysis With FM Sitharaman: Meme Storm On Social Media Over Budget | ET Now
https://www.youtube.com/watch?v=P6FORpg0KVo,How to Make Learning as Addictive as Social Media | Luis Von Ahn | TED
https://www.youtube.com/watch?v=VpmTv839Zk4,US military intercepts Russian Chinese bombers near Alaska | World English News | WION
https://www.youtube.com/watch?v=lCwHWH8T2ck,How is the loneliness epidemic affecting society? | The Stream
https://www.youtube.com/watch?v=rIzGuKppGMA,Priyanka Chopra Jonas on body shaming social media and pay parity - BBC World Service
https://www.youtube.com/watch?v=rU63Mpr5-Q4&t=21s,How brutal was the crackdown of Bangladesh's student protests? | Ask DW
https://www.youtube.com/watch?v=UbwwZlQ0-E8,More than 150 killed in Bangladesh protests | BBC News
https://www.youtube.com/watch?v=WIMrQC37FTw,Bangladesh | Counting the cost of civil unrest: Dhaka streets busy again after violent protests
https://www.youtube.com/watch?v=TMF9dWjg8P0,Bangladesh deploys UN-marked vehicles to quell student protests | DW News
https://www.youtube.com/watch?v=TODGb3KeUbE,Bangladesh protesters demand answers for brutal crackdown | DW News
https://www.youtube.com/watch?v=nZwIavcB4Ck,Inside the history of political violence in the United States
https://www.youtube.com/watch?v=p6roBSSdj0s,America's history of political violence includes attacks on presidents and candidates
https://www.youtube.com/watch?v=r6-8k0SixE8,‡¶¨‡¶ø‡¶ï‡ßá‡¶≤ ‡ß©‡¶ü‡¶æ‡¶Ø‡¶º ‡¶ö‡¶æ‡¶≤‡ßÅ ‡¶π‡¶ö‡ßç‡¶õ‡ßá ‡¶Æ‡ßã‡¶¨‡¶æ‡¶á‡¶≤ ‡¶á‡¶®‡ßç‡¶ü‡¶æ‡¶∞‡¶®‡ßá‡¶ü | Zunaid Ahmed Palak | Mobile Internet | Rtv News
https://www.youtube.com/watch?v=bQJ7U81UbTw,Bangladesh authorities detain student protest leaders in hospital
https://www.youtube.com/watch?v=KmgjWdIc7jc,Orcas increasing attacks on boats off the coast of Spain | Focus on Europe
https://www.youtube.com/watch?v=NGYFtXM4qmc,NATO chief Stoltenberg urges Turkey to endorse Finland Sweden accession | DW News
https://www.youtube.com/watch?v=TcYXzgXfuts,Bangladesh PM blames deadly protests on political opponents | BBC News
https://www.youtube.com/watch?v=FxosOM_Lg9o,Warnings of political violence ahead of US midterms | DW News
https://www.youtube.com/watch?v=Biqf8giQlH8,How Americans view political violence in the US in the wake of Trump assassination attempt
https://www.youtube.com/watch?v=QEz5zDw0IZU,Surging political violence in the US: Is the Secret Service up to the job? | DW News
https://www.youtube.com/watch?v=07Y5jXDFdGU,In Full: President Biden Condemns Political Violence After Trump Shooting
https://www.youtube.com/watch?v=0wmfXYpIU7A,Looking back at America‚Äôs painful history of political violence
https://www.youtube.com/watch?v=Mo3y3FK72QI,My Honest Experience In Pakistan - German Traveller Konstantin Z√ºlske
https://www.youtube.com/watch?v=IdUmwX7CGzQ,Why America Is in a New Era of Political Violence | Breaking The Vote
https://www.youtube.com/watch?v=lo2DepFQxqA,How America's left is preparing for escalating violence | DW News
https://www.youtube.com/watch?v=dZhjFNnBd40,Why is political violence in the US at its worst since the 1970s?
https://www.youtube.com/watch?v=3LUXY3Wv2zM,Why Political Violence in US is at its Worst Since 1970? | Vantage with Palki Sharma
https://www.youtube.com/watch?v=4PuMnRkDPHQ,How India silences critics in the US and Canada | Fault Lines Documentary
https://www.youtube.com/watch?v=nYSbsjw2tx0,NOTHING CHANGES IF NOTHING CHANGES 2.0 - Best Motivational Speeches
https://www.youtube.com/watch?v=7sxpKhIbr0E,The psychology of self-motivation | Scott Geller | TEDxVirginiaTech
https://www.youtube.com/watch?v=i1fXAmApPrA,NEUROSCIENTIST - You Will NEVER Lose Motivation AGAIN!
https://www.youtube.com/watch?v=wnHW6o8WMas,NO EXCUSES - Best Motivational Video
https://www.youtube.com/watch?v=eBSeCp__xhI,FOCUS ON YOURSELF NOT OTHERS (motivational video)
https://www.youtube.com/watch?v=HwLK9dBQn0g,THE POWER OF POSITIVITY - Best Motivational Video For Positive Thinking
https://www.youtube.com/watch?v=lkCi3_rnbL8,How to Start a Profitable Business? Apna Karobar | By Dr. Subayyal Ikram
https://www.youtube.com/watch?v=3mCEVBOP6G0&t=478s,How to Build Wealth from Nothing
https://www.youtube.com/watch?v=CFiCdpnn-jo,SACRIFICE = SUCCESS | Best Study Motivation
https://www.youtube.com/watch?v=-_CIW-PZHVo,Modi Visit to Russia | Modi Putin Meet | SU-57 | Floating Nuclear Plant | India-Russia Nuclear Deal
https://www.youtube.com/watch?v=KNiEkPwH9S8,BELIEVE YOU CAN - Motivational Speech
https://www.youtube.com/watch?v=IcaJ88kziRA,IT‚ÄôS SUPPOSED TO BE HARD - Powerful Motivational Speech
https://www.youtube.com/watch?v=3HOL359Weco,CHANGE YOUR LIFE IN THE NEXT 6 MONTHS - Best Motivational Speech
https://www.youtube.com/watch?v=Tuw8hxrFBH8,One of the Greatest Speeches Ever | Steve Jobs
https://www.youtube.com/watch?v=MoLaqosHlyY,5 Habits of Mentally Strong People in Hindi
https://www.youtube.com/watch?v=J7bYXNM9oBQ,Paar chanaa de - music video | ALI WASI KAZMI | AMNA YOUZASAIF | FAN VIDEO
https://www.youtube.com/watch?v=TBFhWPWE1NE&t=331s,Allah Sy Taluq - Molana Moududi
https://www.youtube.com/watch?v=ZTBsbhm6a08,Karnataka News | Man Accused Of Killing Woman In Bengaluru Hostel Arrested In Madhya Pradesh
https://www.youtube.com/watch?v=24LeYQ_VwPg,New Zealand PM Luxon apologises for care system abuse | Latest English News | WION
https://www.youtube.com/watch?v=owtb_VC9wNg,Footage of Charlotte Dujardin whipping horse in training has emerged
https://www.youtube.com/watch?v=7HzA1ny-FyE,Foggy disjointed: Joe Biden's US debate performance bordered on 'elder abuse' ‚Ä¢ FRANCE 24 English
https://www.youtube.com/watch?v=rMuDw3QROGk,Leaked video shows Olympic champion brutally whipping a horse - as she's BANNED from Paris Games
https://www.youtube.com/watch?v=HDYg34YnJFM,Olympic champion Charlotte Dujardin whips horse 24 times in shocking video
https://www.youtube.com/watch?v=d5dCN66PokQ,UNICEF: Report Child Physical Abuse
https://www.youtube.com/watch?v=Kk_KVpAADDA,New Zealand inquiry finds 200000 abused in state and religious care | Latest English News | WION
https://www.youtube.com/watch?v=spV1PDKf9Rk,Shocking!!! Arjun Kapoor slaps Radio Mirchi RJ | Radio Mirchi | Radio Mirchi
https://www.youtube.com/watch?v=zCUi8b3Mr70,Treadmill Abuse Murder Trial: Video of Defendant & Victim at Gym
https://www.youtube.com/watch?v=t8Y4IDx-GOI,EU proposes stronger rules against online child sexual abuse | Latest English News | WION
https://www.youtube.com/watch?v=HHKaTy9hD-E,Harris slams Trump at her first presidential rally
https://www.youtube.com/watch?v=Si2PrCCTpHI,Indecent Exposure Suspect Caught
https://www.youtube.com/watch?v=k9oj9ekaQAw,Indian peace activist: 'Anti-Muslim violence in India is central to BJP's ideological core'
https://www.youtube.com/watch?v=-6oRbGiVQ0o,C Spire pulling advertisements from the Paris Olympics: the company said the Olympics 'mocked' th...
https://www.youtube.com/watch?v=KcudpwRpLgg,Charlotte Dujardin whips horse more than 20 times in video shared with the Guardian
https://www.youtube.com/watch?v=yl1e9_91rOw,A Palestinian detainee recounts abuse suffered in Israeli Jail
https://www.youtube.com/watch?v=i823AhR8zKQ,How Dubai became a haven for criminals from around the world | 60 Minutes Australia
https://www.youtube.com/watch?v=Y7CgZY3XF2I,'There are children in there': moment councillor stops violence escalating in Leeds riot
https://www.youtube.com/watch?v=PyL8UTArbzA,Hostages Speak Up About Hamas Sexual Abuse
https://www.youtube.com/watch?v=js1fCUC_RH0,TZUYANG ON ABUSIVE EX-PARTNER
https://www.youtube.com/watch?v=V2nIjUxKF-U,France rail network crippled by sabotage attacks ahead of Paris Olympics
https://www.youtube.com/watch?v=tZmulAr8IOQ,UK social care workers face 'severe abuse' | Latest English News | WION
https://www.youtube.com/watch?v=MwWMjxLrmVE,Why can't Sweden get gang violence under control? | Focus on Europe
https://www.youtube.com/watch?v=YvZVO6YI40s,Tanks Out on Switzerland Streets After Rioting Inspired By Violence in France | Watch
https://www.youtube.com/watch?v=WjZrY44T0rI,Sweden: the gun violence capital of Europe | Full Episode | SBS Dateline
https://www.youtube.com/watch?v=WRR_Wwogflo,'Black Book of Pushbacks': 'Culture of impunity' across Europe over violence against migrants'
https://www.youtube.com/watch?v=zSybDWDRYI0,Watch: How is Europe faring on violence against women?
https://www.youtube.com/watch?v=bM_3KXF2GEo,Migrant Islamists Targeting Women in Europe
https://www.youtube.com/watch?v=NfW_CVU609A,'Excessive violence' used by Turkish police during protests say Council of Europe
https://www.youtube.com/watch?v=fNHk6XECCCQ,Why is football violence rising in Europe?
https://www.youtube.com/watch?v=-T2D1x1NtMI,Anti-tourism protests across Spain continue despite economic growth | BBC News
https://www.youtube.com/watch?v=BUVA_5Azrbs,Refugees in Europe: Where they come from and where they want to go | DW News
https://www.youtube.com/watch?v=qm5SYxRXHsI,The Night That Changed Germany's Attitude To Refugees
https://www.youtube.com/watch?v=hl04r1OjRQs,Only Two Men Convicted After 1200 Sexual Assaults In Cologne (HBO)
https://www.youtube.com/watch?v=4h4OmlxhIP4,Europe migrant crisis: international outrage after violent clashes police-migrants
https://www.youtube.com/watch?v=jqfNekxvtbs,Stop domestic violence against women! - Council of Europe
https://www.youtube.com/watch?v=fobUdkTa-a4,Sweden's welcome to refugees disturbed by violent backlash
https://www.youtube.com/watch?v=PK9Vnr3iUOE,Combating gender-based violence at EU level
https://www.youtube.com/watch?v=15FG_k9wxQc,Childs victims of violence [What Europe does for you]
https://www.youtube.com/watch?v=1Jpudnz17VY,Danes top EU list for violence against women
https://www.youtube.com/watch?v=0x7qCdXei0A,Violent clashes erupt with NATO forces in eastern Europe
https://www.youtube.com/watch?v=M59HsLMeEIc,Reducing gun violence in Europe
https://www.youtube.com/watch?v=9fFdccDxoCU,Freedom from Violence against Women - Impact of the European Convention on Human Rights
https://www.youtube.com/watch?v=QkGDqbSf1FY,Migrant Crisis Tensions Turn Bloody In Europe | VICE on HBO (Bonus)
https://www.youtube.com/watch?v=3u10R_x2IkY,INDIA'S DEFENCE BUDGET 2024 | Big Disappointment | Compared to USA and China | By Prashant Dhawan
https://www.youtube.com/watch?v=_V-WW23MZCQ,News Words: Disappointed
https://www.youtube.com/watch?v=qbhyEJaloHA,Israel says Biden's threat on stopping arms is 'disappointing' ‚Ä¢ FRANCE 24 English
https://www.youtube.com/watch?v=Z2mpwG3qIkc,France's far right 'sad and disappointed' over election result | Latest English News | WION
https://www.youtube.com/watch?v=jrWYvtsdvGA,Latest News | Supreme Court's Decision Disappointing | Centre Will Misuse ED More | English News
https://www.youtube.com/watch?v=ruX9NRTfeFE,Opposition Leaders Show Their Disappointment Over Rumors About Kamal Nath | English News | News18
https://www.youtube.com/watch?v=K6-g1b-r5yA,Disappointment resentment for National Rally after French election defeat ‚Ä¢ FRANCE 24 English
https://www.youtube.com/watch?v=sLhSWbF2NDk,Efforts To Create Rift Between Imran And Army Disappointing | Developing | Dawn News English
https://www.youtube.com/watch?v=MQ06Uq8TyZ0,COP27: Historic ‚Äòloss and damage‚Äô deal reached at climate talks
https://www.youtube.com/watch?v=QhMO5SSmiaA,"How The British Took Over India"" - TREVOR NOAH (from ""Afraid Of The Dark"" on Netflix)"""
https://www.youtube.com/watch?v=NGxNLkWc6zg,President Obama's Farewell Address
https://www.youtube.com/watch?v=FIrq4sYBRyI,Gravitas | India: A pandemic success story
https://www.youtube.com/watch?v=_8Tms3GiHmw,Budget War Escalates: Ruckus In Parliament; Opposition Says ‚ÄòEveryone Is Disappointed Except‚Ä¶‚Äô
https://www.youtube.com/watch?v=C-5FurOb0jI,USA News Live | Abortion-Rights Supporters Disappointed | US Abortion News | English News Live
https://www.youtube.com/watch?v=hCoA0gVvPDw,Article 370 | Political parties In Jammu And Kashmir Stay Disappointed | English News | News18
https://www.youtube.com/watch?v=iYIEgAIm0Ec,WION Dispatch: Pakistan's EC disappointed over PM Imran Khan's allegations | Latest English News
https://www.youtube.com/watch?v=Y5g8xNG1bM0,7 At Seven With Preeti Choudhry: PM's 'Negative Politics' Charge On Oppn | Kamala Replaces Biden!
https://www.youtube.com/watch?v=PjR3NWMRo7s&t=9s,Negative scare campaigns continue from both sides of politics | ABC News
https://www.youtube.com/watch?v=akvhkLHnOAM,Kamala Harris: A Stronger Candidate Against Trump? | WSJ
https://www.youtube.com/watch?v=BjQHuBvdyNg,Political Spectrums Explained ‚Äî Why is there a left wing and right wing?
https://www.youtube.com/watch?v=rP1d1pjuou8&t=9s,How negative political ads impact voter moral
https://www.youtube.com/watch?v=-6WxTnhFVuA,Is Following News & Politics Bad for Your Health?
https://www.youtube.com/watch?v=8XQToSRTTLE,‚ÄòBringing the fight to Trump': How VP Kamala Harris candidacy has energized American politics
https://www.youtube.com/watch?v=vEYefylF7Ys,Politics Today | 26/07/2024
https://www.youtube.com/watch?v=Wf6BYmlQR_E,A look at Kamala Harris' legal career and political record
https://www.youtube.com/watch?v=jKzDfXdDaVY,LIVE: President Biden drops out of 2024 presidential race endorses VP Kamala Harris
https://www.youtube.com/watch?v=HHKaTy9hD-E,Harris slams Trump at her first presidential rally
https://www.youtube.com/watch?v=diwQSdDP0u0,ELECTION RESULTS IN FULL: Watch every moment of the 2022 Australian Federal Election on ABC News
https://www.youtube.com/watch?v=bE7SyQWf4_U,Zuckerberg Calls Trump 'Badass' Without Endorsing Him #politics
https://www.youtube.com/watch?v=TSVSgzfJHx4,The key battlegrounds in the 2022 Federal Election | ABC News
https://www.youtube.com/watch?v=Bgi6JOmoOEI,'Awfully weird': Trump 'absolutely' regretting picking JD Vance
https://www.youtube.com/watch?v=42-FQAOueMY,Planned Nationwide Hardship Protest Edo Governorship Election +More | Politics Today
https://www.youtube.com/watch?v=Mo3y3FK72QI,My Honest Experience In Pakistan - German Traveller Konstantin Z√ºlske
https://www.youtube.com/watch?v=lD92-DhC7Rw,Pakistan‚Äôs Economic Crisis: Rising Debt IMF addiction with elusive growth and broken politics
https://www.youtube.com/watch?v=vwWoi5mcvh4,Joe Biden: a 50-year political journey of tragedy and triumph
https://www.youtube.com/watch?v=lZtI6kEGNxc,Congress News | Congress Accuses PM Modi Of Doing ‚ÄòPetty Politics‚Äô Over Agnipath Scheme | News18
https://www.youtube.com/watch?v=x1jufGzCppc,Did Hungary violate the European Treaty? | DW News
https://www.youtube.com/watch?v=ptkE8XfMlkM&t=9s,Negative Political Ads - Lakeland News at Ten - October 28 2014
https://www.youtube.com/watch?v=7HzA1ny-FyE,Foggy disjointed: Joe Biden's US debate performance bordered on 'elder abuse' ‚Ä¢ FRANCE 24 English
https://www.youtube.com/watch?v=QbctSmbUfuw,Congress On Bonds | PM Abuse Politics | U.S On Arunachal | BJP Alliance Buzz LIVE | CJI PKG | N18L
https://www.youtube.com/watch?v=XLEeh08Bx04,The US drug abuse epidemic is killing 300 Americans a day | The Bottom Line
https://www.youtube.com/watch?v=rU63Mpr5-Q4&t=21s,How brutal was the crackdown of Bangladesh's student protests? | Ask DW
https://www.youtube.com/watch?v=p6XbE24vdWY,Facebook may pull social media platforms from Europe | Technology news | WION
https://www.youtube.com/watch?v=tZT2MCYu6Zw,DW News livestream | Headline news from around the world
https://www.youtube.com/watch?v=PPAtguSRnFM,Hungary Slovakia call for EU action after Ukraine bans Russia‚Äôs Lukoil | DW News
https://www.youtube.com/watch?v=Y4X-OYFEPLM,The dangers of social media addiction
https://www.youtube.com/watch?v=vRmFb05EnFU,UK Cops Kick & Punch Man At Manchester Airport In Viral Video Sparks Outrage | English News
https://www.youtube.com/watch?v=UkcHAbq9PVQ,Watch CGTN Europe News LIVE 24/7
https://www.youtube.com/watch?v=tyTs6oaVLhM,Why Europe still pays billions for Russian fossil fuels | DW Business
https://www.youtube.com/watch?v=UGsxIN72xVo,Russia-Ukraine war LIVE: NATO preparing for war with Russia and its allies in Europe
https://www.youtube.com/watch?v=pykpO5kQJ98,Euronews English Live
https://www.youtube.com/watch?v=DnKpnojwz2M,Is social media good for you? - BBC My World
https://www.youtube.com/watch?v=C0BTI3l9tdc,US hails productive talks with China at ASEAN summit | DW News
https://www.youtube.com/watch?v=ICiLNX-EGmY,Are you addicted to social media?
https://www.youtube.com/watch?v=rIzGuKppGMA,Priyanka Chopra Jonas on body shaming social media and pay parity - BBC World Service
https://www.youtube.com/watch?v=apex6ZOrCCM,Why Europe has more and more refugees | DW News
https://www.youtube.com/watch?v=wzdXodPTYiU,More than 100 flights cancelled in Germany as climate activists target airports across Europe
https://www.youtube.com/watch?v=yrvqRD2x4uQ,Why People No Longer Read Books | Between the Lines with Palki Sharma
https://www.youtube.com/watch?v=J8DGjUv-Vjc,MINIMALISM: Official Netflix Documentary (Entire Film)
https://www.youtube.com/watch?v=AjtX1N_VT9E,MIT 6.S191 (2021): Convolutional Neural Networks
https://www.youtube.com/watch?v=TUHd07k4U4s,EU applauds social media platforms for removing more illegal ‚Äòhate speech‚Äô
https://www.youtube.com/watch?v=MO3tMxaw9ts,Elon Musk Says He's Aligned With EU's New Social Media Regulations
https://www.youtube.com/watch?v=nLeWcTP1Gbw,NATO finds gaping holes in Europe's defence | Latest English News | WION Pulse
https://www.youtube.com/watch?v=7brhLqXKNik,India‚Äôs Reliance Bollywood fuel Ambani wedding hype through social media
https://www.youtube.com/watch?v=4b8-Nl_iTlI,Cause of Death of Every US President
https://www.youtube.com/watch?v=NwDvGWKkZDs,The V!ctims Of Kris Tyson SPEAK Out About What Actually Happened
https://www.youtube.com/watch?v=N44mglLfQ1M,Celine Dion RETURNS TO STAGE At 2024 Paris Olympics Opening Ceremony
https://www.youtube.com/watch?v=jNh9FIW2mQI,Barkha Dutt's Kargil Diaries I An Inside Look at The War Between India & Pakistan I Tiger Hill
https://www.youtube.com/watch?v=8CFMtfpdD18,Preity Zinta in Lakshya Was Based on Barkha Dutt I Here are Some Reel & Real Moments I Kargil War
https://www.youtube.com/watch?v=jKzDfXdDaVY&t=10s,LIVE: President Biden drops out of 2024 presidential race endorses VP Kamala Harris
https://www.youtube.com/watch?v=PdwnhIuTwRY,THAT Book Controversy Public Perception Lifestyle and Tawheed | Mufti Menk #363
https://www.youtube.com/watch?v=F05XuCTwtlE,Hulk Hogan's MESSY S** Tape Scandal and The NASTY Remarks Made During It ü´£
https://www.youtube.com/watch?v=vVqhgfoFaDk,My Final Reply to Godi Youtubers | Elvish Yadav | Dhruv Rathee
https://www.youtube.com/watch?v=akvhkLHnOAM,Kamala Harris: A Stronger Candidate Against Trump? | WSJ
https://www.youtube.com/watch?v=rWysk5rM_HA,PBS News Hour full epsiode July 24 2024
https://www.youtube.com/watch?v=MUuXWtnkE80,Jon Meacham on what history will remember about President Biden
https://www.youtube.com/watch?v=76M8wjsqVNo,Sewing App Forced to CHANGE NAME in Trademark Dispute
https://www.youtube.com/watch?v=kelqnoG0mDQ,WATCH LIVE: Biden addresses the nation after dropping out of 2024 race | PBS News Special Coverage
https://www.youtube.com/watch?v=EKMcQCuaQEI,The CODY KO situation is getting WORSE.
https://www.youtube.com/watch?v=5xyeWEhIIzY,The billion dollar business of gambling addiction | DW Documentary
https://www.youtube.com/watch?v=hHaUYMcTmwU,Insane Times Psychics Actually Helped Solve a Murder
https://www.youtube.com/watch?v=fMa_HSxloAc,when trauma is trending on TikTok
https://www.youtube.com/watch?v=HHKaTy9hD-E,Harris slams Trump at her first presidential rally
https://www.youtube.com/watch?v=LFepfIySy3w,Kamala Harris‚Äô Brutal Attack On Donald Trump; ‚ÄòPredators Who Abused Women‚Ä¶‚Äô | U.S. Elections
https://www.youtube.com/watch?v=gNKYnt9Ybrs,LIVE: Pres. Biden addresses the nation for the first time since dropping out of 2024 race
https://www.youtube.com/watch?v=FYorzlkCWYo,How does corruption affect you? | Transparency International
https://www.youtube.com/watch?v=7HzA1ny-FyE,Foggy disjointed: Joe Biden's US debate performance bordered on 'elder abuse' ‚Ä¢ FRANCE 24 English
https://www.youtube.com/watch?v=_toOjZ8Q7Jg,A corrupt political system.
https://www.youtube.com/watch?v=24LeYQ_VwPg,New Zealand PM Luxon apologises for care system abuse | Latest English News | WION
https://www.youtube.com/watch?v=JCHKiTM5gTI,Donald Trump Found Guilty of Sexual Abuse by US Jury in E Jean Carroll Case | English News | WION
https://www.youtube.com/watch?v=XLEeh08Bx04,The US drug abuse epidemic is killing 300 Americans a day | The Bottom Line
https://www.youtube.com/watch?v=P1LlTX986Pw,Top Story with Tom Llamas - July 24 | NBC News NOW
https://www.youtube.com/watch?v=I5qamYpmODA,Freedom of Choice? - How the GOVERNMENT and LOBBIES influence YOU | ENDEVR Documentary
https://www.youtube.com/watch?v=GOLoWdcnK_o,What is corruption?
https://www.youtube.com/watch?v=Dfv_tISYl8A,Opioid Tragedy: Inside the Fentanyl Crisis | Ten Dollar Death Trip | ENDEVR Documentary
https://www.youtube.com/watch?v=Ne5m95eh0UU,Abuse of power in the workplace
https://www.youtube.com/watch?v=wqIcB7g2R54,US blacklists 34 Chinese firms over human rights abuse | Latest World English News
https://www.youtube.com/watch?v=Kk_KVpAADDA,New Zealand inquiry finds 200000 abused in state and religious care | Latest English News | WION
https://www.youtube.com/watch?v=jpY4icLsON8,The use and abuse of power | People & Power
https://www.youtube.com/watch?v=QbctSmbUfuw,Congress On Bonds | PM Abuse Politics | U.S On Arunachal | BJP Alliance Buzz LIVE | CJI PKG | N18L
https://www.youtube.com/watch?v=iSapa3MlZUw,üá∫üá∏ Thousands of migrant children allege abuse by US border officials | Al Jazeera English
https://www.youtube.com/watch?v=jZN7K-x_Lv8,üá∫üá∏US investigators expand Catholic child sex abuse scandal probe l Al Jazeera English
https://www.youtube.com/watch?v=uplJnu_e4pc,Olympics opening ceremony 'Last Supper' parody sparks anger among Catholics conservatives
https://www.youtube.com/watch?v=8lfjUG1wdko,Paris 2024 Summer Olympics set for 'most incredible' opening ceremony ever ‚Ä¢ FRANCE 24 English
https://www.youtube.com/watch?v=UbwwZlQ0-E8,More than 150 killed in Bangladesh protests | BBC News
https://www.youtube.com/watch?v=ewkni-f_VAc,Slovenia Has Suffered Its Worst-Ever Floods | Slovenia Floods News | English News | News18
https://www.youtube.com/watch?v=rNPAV6oNtgg,WATCH: Biden delivers address on his decision to exit the 2024 race | NBC News
https://www.youtube.com/watch?v=l8N2RJKFPO0,C√©line Dion SINGS & More: All the EPIC Moments from the Opening Ceremony! | 2024 Olympics | E! News
https://www.youtube.com/watch?v=uCNTy8KDB-8,Manchester United losses soar after worst-ever Premier League season | BBC News
https://www.youtube.com/watch?v=ER_lny_M_1E,Worst ever Big Pharma acquisition? | DW News
https://www.youtube.com/watch?v=kJTYUUrWMzo,Catalonia: State of emergency declared as region faces worst ever drought | BBC News
https://www.youtube.com/watch?v=emQTGwAZpa8,What is the Worst Thing You Ever Heard Your Mommy Say?
https://www.youtube.com/watch?v=sF8K01UsKdQ,Olympics Opening Ceremony: Controversy Rages | Is Religion Private In Sports | NewsX
https://www.youtube.com/watch?v=Lt8g4edbu_c,My Most Difficult Interview Ever - Palki Sharma on Pakistan‚Äôs Ex-President
https://www.youtube.com/watch?v=HinQy7tkxXo,Gravitas Plus: Are you financially literate?
https://www.youtube.com/watch?v=BpDQT_Vyoig,Brazil battles nature as ‚Äòlargest ever‚Äô floods submerge whole cities
https://www.youtube.com/watch?v=NqnBT4-jp54,How artificial intelligence is helping scientists talk to animals - BBC News
https://www.youtube.com/watch?v=p1yf6PaCB88,Ukraine calls Russia's UNSC Presidency as 'the worst joke ever' | Latest English News | WION
https://www.youtube.com/watch?v=TcYXzgXfuts,Bangladesh PM blames deadly protests on political opponents | BBC News
https://www.youtube.com/watch?v=vpuykqwd-H8,NHS in England facing worst staffing crisis in history | Latest English News | WION News
https://www.youtube.com/watch?v=xzMft2nKze4,CBC News: The National | Jasper wildfire devastation
https://www.youtube.com/watch?v=wYyj_FCHuWY,Angry Israelis Tell Netanyahu To 'Be A Human'; Nancy Pelosi Rips 'Worst' U.S. Congress Speech
https://www.youtube.com/watch?v=ztqoLKBKyTE," Trump Too Small "" T-shirt Trademark Dispute | Public Figure Name on tshirt | Donald Trump Dispute"""
https://www.youtube.com/watch?v=v3abZ4aAGUU,'You are a rude terrible person' : Trump attacks CNN reporter
https://www.youtube.com/watch?v=oesJxfP85H0,Diagnosing Public Figures | Donald Trump / Narcissistic Personality Disorder Controversy
https://www.youtube.com/watch?v=Us9ZJG1_AEc,ANGRY Sushant Singh Rajput FIGHTS With Reporter In Public Asking About Pakistan Incident
https://www.youtube.com/watch?v=A_BF-avmAbk,India vs Bharat | The Origin of a Controversy | Dhruv Rathee
https://www.youtube.com/watch?v=pN1VQ8suO6I,10 Famous People Allegedly Killed By the Illuminati
https://www.youtube.com/watch?v=8pImn2me_2M,The Quint: 5 Times Modi's Speeches Stirred up Controversy
https://www.youtube.com/watch?v=SOa2gxHnLdQ,Mia Khalifa: Public Figure and Influencer | Full Q&A | Oxford Union
https://www.youtube.com/watch?v=hMg2AwREGp4,Perfomance Ke Duran Konsi Had Paar Hogayi | Shazia Manzoor Duran-e-Show Uth Kar Chali Gayin?
https://www.youtube.com/watch?v=vP7XQNzP_74,Forensic audit of private power plants? | Unit will give 9 rupees? | Asif Inam Big Statement | GNN
https://www.youtube.com/watch?v=5gGVkAmp5NY,Shazia Manzoor Fight In Public Demand Live Show | Public News
https://www.youtube.com/watch?v=zLn1I-e7saM,Honey Trap Or Drame Bazi? | Khalil-ur-Rehman Qamar Ka Plan Benaqab | Shocking Revelation By Lawyer
https://www.youtube.com/watch?v=qe7L_9-a5Pk,Hadiqa's Story | National Point
https://www.youtube.com/watch?v=f8H-VI_hPwE,Breaking: Oath Taking of Adhoc Judges in Supreme Court | No media interaction | Siddique Jaan
https://www.youtube.com/watch?v=LQg1F0hWYnU,Capacity Payments: Why is the issue of IPPs Driving Up Electricity Bills in Pakistan - BBC URDU
https://www.youtube.com/watch?v=OvM65w3d5RA,Tiktoker CM as BahuBali Of Pakistan | Maryam Nawaz Sharif | Ashleel Tiwari | Nashpati | IQE
https://www.youtube.com/watch?v=62byDTUeDYc,PM Imran Khan Kay Lassan Kis Nay Lagaye??  | Exclusive Interview | Nashpati | PTI Chairman
https://www.youtube.com/watch?v=6o0aaYcjN_w,Call From America To Release Imran Khan | Orya Maqbool Jan Meets Imran Khan? | GNN Studios Podcast
https://www.youtube.com/watch?v=Fg9hCKH1sYs,Hackers expose deep cybersecurity vulnerabilities in AI | BBC News
https://www.youtube.com/watch?v=JmQSQBzBMn0,KreekCraft RAGES at Roblox Hacker...
https://www.youtube.com/watch?v=y27B-sKIUHA,The Hack That Made China a Superpower: Operation Shady Rat
https://www.youtube.com/watch?v=8efjN_Vc8MU,Laura Ingraham: Kamala Harris is a 'left wing hack'
https://www.youtube.com/watch?v=kNmR-UsWgxo,How Russian Hackers Stole $100M from US Banks | Cyberwar
https://www.youtube.com/watch?v=VH4hp4-eMeI,CrowdStrike Aftermaths MGM Hacker Arrested & Telegram Exploit | cybernews.com
https://www.youtube.com/watch?v=0pOlAaLU7Xc,Are Hackers the Biggest Threat to America√¢‚Ç¨‚Ñ¢s Critical Infrastructure? | Cyberwar
https://www.youtube.com/watch?v=28Bt0geRG28,BREAKING: Widespread technology outage disrupts flights banks and media outlets | LiveNOW from FOX
https://www.youtube.com/watch?v=ntWKI4xiBJQ&t=286s,CrowdStrike Created a Major Outage AT&T & Hackers | cybernews.com
https://www.youtube.com/watch?v=4yDm6xNeYas,Some bad code just broke a billion Windows machines
https://www.youtube.com/watch?v=I6mlaPLPcXU,How the FBI Hacked the Trump Shooter's Phone
https://www.youtube.com/watch?v=FPS4vtPuDT0,Cyber Attacks | 60 Minutes Full Episodes
https://www.youtube.com/watch?v=GWKB2AeUR04,Inside Russia√¢‚Ç¨‚Ñ¢s Hacker Underworld
https://www.youtube.com/watch?v=Dn7cN0sJhrI,CrowdStrike CEO on global outage: Goal now is to make sure every customer is back up and running
https://www.youtube.com/watch?v=Pk0Cw_9PZB4,Prime Minister Bennett on the murder of 12 Israeli children by Hezbullah: Time for action
https://www.youtube.com/watch?v=1Lp_2G6giyQ,Victim explains how Amazon account was hacked using 'credential stuffing'
https://www.youtube.com/watch?v=FqN2Y66lanI,The Chinese Hack that Stole 22m People√¢‚Ç¨‚Ñ¢s Data | Cyberwar
https://www.youtube.com/watch?v=STjqHxJoYKs,How you get Hacked: what attackers use today
https://www.youtube.com/watch?v=n9XNN82p3Mw,Major global cyber outage hits airlines banks and media outlets impacting millions
https://www.youtube.com/watch?v=mp0SA6tECdg,The Flaws that Allow Hackers to Remotely Access Cars | Cyberwar
https://www.youtube.com/watch?v=ggGmxDq2HBA,Behind the Hacks: The Origins of Anonymous | Cyberwar
https://www.youtube.com/watch?v=E8RQVx2gBFc,CrowdStrike Blew Up The Internet
https://www.youtube.com/watch?v=_21VGRKuWYE,Unknown Hacker Bricks 600000 Routers
https://www.youtube.com/watch?v=9Wvtf6U6zns,Leaked files reveal Chinese international hacking efforts
https://www.youtube.com/watch?v=ZXiruGOCn9s,What are Transformers (Machine Learning Model)?
https://www.youtube.com/watch?v=SZorAJ4I-sA,"Transformers, explained: Understand the model behind GPT, BERT, and T5"
https://www.youtube.com/watch?v=SMZQrJ_L1vo,Live -Transformers Indepth Architecture Understanding- Attention Is All You Need
https://www.youtube.com/watch?v=zxQyTK8quyY,"Transformer Neural Networks, ChatGPT's foundation, Clearly Explained!!!"
https://www.youtube.com/watch?v=4Bdc55j80l8,Illustrated Guide to Transformers Neural Network: A step by step explanation
https://www.youtube.com/watch?v=XfpMkf4rD6E,Stanford CS25: V2 I Introduction to Transformers w/ Andrej Karpathy
https://www.youtube.com/watch?v=bCz4OMemCcA,"Attention is all you need (Transformer) - Model explanation (including math), Inference and Training"
https://www.youtube.com/watch?v=nTlLAS7N7qE,Transformers for beginners | What are they and how do they work
https://www.youtube.com/watch?v=aeiUTRvh6yE&t=348s,"15-Minute Hugging Face Tutorial: Transformers, Pipeline, Fine Tuning, Sentiment Analysis NLP Project"
https://www.youtube.com/watch?v=wjZofJX0v4M&t=521s,"But what is a GPT?  Visual intro to transformers | Chapter 5, Deep Learning"
https://www.youtube.com/watch?v=9uw3F6rndnA,Transformers: The best idea in AI | Andrej Karpathy and Lex Fridman
https://www.youtube.com/watch?v=-eqjV5dwb9Q,Transformers in NLP | GeeksforGeeks
https://www.youtube.com/watch?v=dqoEU9Ac3ek&t=376s,"MIT 6.S191: Recurrent Neural Networks, Transformers, and Attention"
https://www.youtube.com/watch?v=U0s0f995w14,Pytorch Transformers from Scratch (Attention is all you need)
https://www.youtube.com/watch?v=wjZofJX0v4M&t=521s,"But what is a GPT?  Visual intro to transformers | Chapter 5, Deep Learning"
https://www.youtube.com/watch?v=9syvZr-9xwk&t=625s,"1. Introduction, Finite Automata, Regular Expressions"
https://www.youtube.com/watch?v=rURRYI66E54,AI Language Models & Transformers - Computerphile
https://www.youtube.com/watch?v=nscku-jLjSQ,Text Generation with Transformers (GPT-2) In 10 Lines Of Code
https://www.youtube.com/watch?v=kCc8FmEb1nY&t=528s,"Let's build GPT: from scratch, in code, spelled out."
https://www.youtube.com/watch?v=TQQlZhbC5ps,Transformer Neural Networks - EXPLAINED! (Attention is all you need)
https://www.youtube.com/watch?v=2j3p_aDMTNg,Elon Musk fires employees in twitter meeting DUB
https://www.youtube.com/watch?v=0MhVkKHYUAY,New Python Coders Be Like...
https://www.youtube.com/watch?v=mclfteWlT2Q,Expert Python Tutorial #1 - Overview of Python & How it Works
https://www.youtube.com/watch?v=xTSjk6Q6vrc,5 Effective Tips to Learn Python Fast (Pro Hacks)üî•
https://www.youtube.com/watch?v=ubV-8EYzTyc,3 Great Books for Learning Python - Beginner to Proficiency
https://www.youtube.com/watch?v=Ogild8PjK6c,HOW I Learned Python in 30 Days? BEST Python Course
https://www.youtube.com/watch?v=nLRL_NcnK-4,Harvard CS50‚Äôs Introduction to Programming with Python ‚Äì Full University Course
https://www.youtube.com/watch?v=01sAkU_NvOY,Advanced Computer Vision with Python - Full Course
https://www.youtube.com/watch?v=mop6g-c5HEY,The ultimate introduction to modern GUIs in Python [ with tkinter ]
https://www.youtube.com/watch?v=JFIgmCLLwA8,Advanced Data Analytics using Python & Python Automation Full Course | ZaranTech
https://www.youtube.com/watch?v=qUeud6DvOWI&t=427s,25 nooby Python habits you need to ditch
https://www.youtube.com/watch?v=cKPlPJyQrt4,James Powell: So you want to be a Python expert? | PyData Seattle 2017
https://www.youtube.com/watch?v=27u8xHqLMZE,Complete python roadmap | How to become an expert in python programming
https://www.youtube.com/watch?v=IUZTbEaDo0U,How To Master Python
https://www.youtube.com/watch?v=bCz4OMemCcA,"Attention is all you need (Transformer) - Model explanation (including math), Inference and Training"
https://www.youtube.com/watch?v=2j3p_aDMTNg,Elon Musk fires employees in twitter meeting DUB
https://www.youtube.com/watch?v=HGOBQPFzWKo,Intermediate Python Programming Course
https://www.youtube.com/watch?v=dqoEU9Ac3ek&t=376s,"MIT 6.S191: Recurrent Neural Networks, Transformers, and Attention"
https://www.youtube.com/watch?v=300giHUF3jk&t=468s,Ali Zaryoun Complete Video | Abhi Kuch Log Baqi Hain | RWP/ ISB Chapter 2024
https://www.youtube.com/watch?v=fabelAs_m08,Learn Python in 59.001 seconds
https://www.youtube.com/watch?v=rDj8EBv9ErA,Advanced Python Series - Iterators Vs Generators
https://www.youtube.com/watch?v=zvDvixsjOS8,I Create Dashboard in One Minute using Python | Python for beginners | #python #coding #programming
https://www.youtube.com/watch?v=9syvZr-9xwk&t=625s,"1. Introduction, Finite Automata, Regular Expressions"
https://www.youtube.com/watch?v=2QCW2LZovPA,MEALY Machines | TAFL | TOC | AKTU | Automata theory #learncswitharshi #tafl
https://www.youtube.com/watch?v=aoUEXRlvmxc,Lec-3: What is Automata in TOC | Theory of Computation
https://www.youtube.com/watch?v=dqoEU9Ac3ek&t=376s,"MIT 6.S191: Recurrent Neural Networks, Transformers, and Attention"
https://www.youtube.com/watch?v=wjZofJX0v4M&t=534s,"But what is a GPT?  Visual intro to transformers | Chapter 5, Deep Learning"
https://www.youtube.com/watch?v=XfpMkf4rD6E,Stanford CS25: V2 I Introduction to Transformers w/ Andrej Karpathy
