message,label
How to improve education and economic opportunity for black South Africans,positive
Education Crisis in South Africa:Shocking Study Finds 81% 10-Year-Old Children Struggle with Reading,negative
Africa''s Education Challenge: Growing Population Struggling School Systems,negative
Corruption Watch report finds prevalence of corruption in South African education,negative
How China Is Using Artificial Intelligence in Classrooms | WSJ,positive
Pretoria Girls High School pupils speak out,positive
Inequality in education persists in South Africa,negative
TAUGHT TO FEAR: Corporal Punishment in the Classroom - BBC Africa Eye documentary,negative
What is Climate Change? Explore the Causes of Climate Change,positive
The state of education in South Africa,positive
South Africa struggles to transform education,negative
Ghanaian American Inventor Reveals How The British Designed The Education System In Africa,positive
A school uniform that 'grows' ensures African girls can continue their education for years to come,positive
Discussion | State of South Africa's education system,positive
Education in South Africa has become a big business,positive
"UNESCO & Republic Of Korea Launch Better Education For Africa"" | News Extra | 17th April 2024 | NTA""",positive
Budget 2024 | South Africa cannot afford any cuts in the education budget: Activists,negative
'Education is key in Africa': Kenneth Matengu,positive
Talk Africa: Decolonizing education in Africa,positive
NOTHING CHANGES IF NOTHING CHANGES 2.0 - Best Motivational Speeches,positive
WORK HARD IN SILENCE - Motivational Video,positive
Workout Motivation Music Mix 2024 üëä Fitness Gym Workout Motivation Music üëä Best Gym Music 2024,positive
ATTITUDE Motivational Video | Powerful Hindi Inspirational video to Change Life and Achieve Success,positive
NOBODY IS COMING TO SAVE YOU. BE YOUR OWN HERO AND SAVE YOURSELF. - Best Motivational Speeches,positive
DEDICATE YOURSELF FOR 1000 DAYS. BECOME DISCIPLINED. - Best Motivational Video Speeches,positive
YOU OWE YOU (Eric Thomas) Powerful Motivational Video,positive
FOCUS ON YOU EVERY DAY. WORK YOUR ASS OFF - David Goggins Motivational speech,positive
ùêÉùêëùêéùêè ùêìùêáùêÑ ùêÑùêóùêÇùêîùêíùêÑùêí - ùêåùê®ùê≠ùê¢ùêØùêöùê≠ùê¢ùê®ùêßùêöùê• ùêíùê©ùêûùêûùêúùê°,negative
How U.S. schools are addressing post-pandemic education,positive
What‚Äôs driving a special education teacher shortage and how schools are responding,negative
BREAKING NEWS: Trump Pledges To Close Education Department Rips Biden's Education Record,negative
What is being done as cost of higher education in U.S. continues to rise,positive
INDIA'S DEFENCE BUDGET 2024 | Big Disappointment | Compared to USA and China | By Prashant Dhawan,negative
Democratic candidates debate: Education | ABC News,negative
Moment Bronx medical students find out school will be tuition-free,negative
Foreign Teacher Lands in Rural America: ‚ÄòI Was Surprised‚Äô | VOA Connect,positive
Inside Finland‚Äôs incredible education system | The Listening Post,positive
Nationwide teacher shortage hits schools as new year begins l ABCNL,negative
How China Is Using Artificial Intelligence in Classrooms | WSJ,positive
How Common Core Broke U.S. Schools,positive
Teaching in the US vs. the rest of the world,negative
US school districts brace for massive teacher layoffs,negative
US students head to Germany for free degrees - BBC News,negative
Flutter Clean Architecture Full Course For Beginners - Bloc Supabase Hive GetIt,positive
School Matters: Education in America,positive
AI education tools are helping students learn grow and gain confidence,positive
BREAKING NEWS: Trump Announces Massive Higher Education Overhaul To Create 'The American Academy',positive
Why College Is So Expensive In America,negative
Should All US Students Learn the Same Thing?,positive
Schools across US forced to get creative amid teacher shortage,negative
Clay Shirky: How the Internet will (one day) transform government,positive
What issues do Trump and Harris want to fight the election on? | Inside Story,negative
Bangladesh: Students Allege Physical Abuse By Police Protests Cancelled For Two More Days,negative
Politics Of Abuse Heightens As Party Leaders Cuss Each Other Out,negative
New Zealand inquiry finds 200000 abused in state and religious care | Latest English News | WION,negative
Sweden reexamines the use of computers in schools | Focus on Europe,positive
Why Finland's schools outperform most others across the developed world | 7.30,positive
US students head to Germany for free degrees - BBC News,positive
Inside Finland‚Äôs incredible education system | The Listening Post,positive
Dr. Conrad King: Higher education systems in Europe and Canada,positive
Why the EU is About to Impose a Hard Border in Gibraltar,negative
Teaching in the US vs. the rest of the world,negative
The 52nd Pan-European Conference on Digital Education,positive
Studying in Germany: What international students should know | Germany In A Nutshell,negative
Paris Olympics Opening Ceremony Sparks Outrage: ‚ÄòDisrespectful Garbage‚Äô | Paris Olympics 2024,negative
Everything You Need to Know to Study in Spain,positive
A Roma‚Äôs Education Story,positive
HOW WE DO SCHOOL FINLAND EP 3: A School Designed For All,positive
euronews U talk - Education in Europe,positive
"Von der Leyen's Plans for a Geopolitical"" EU Explained""",positive
Gender stereotypes and education,negative
Germany Begin Destroying Islamic Mosques Spreading Extremism: How Germany Tackled Immigration Crisis,negative
Europe's Roma struggle with education,positive
Motivational video | This will change your mind | whatsapp 30 sec video |,positive
Motivation Quickie - This Speech Will Pump You Up in 30 Seconds,positive
Life is fragile | Reduce speed | motivational video üëç,negative
Best Short Motivational Speech Video - 24 HOURS - 1-Minute Motivation #2,positive
STOP WASTING TIME - 30 Sec Motivational Quotes on time,negative
How to Create VIRAL Motivational Videos for MILLIONS of Views,positive
Step to Success - Motivational Quotes for Success  |  Animated Video,positive
The Chase 30 sec animation,negative
Entrepreneur motivational video || enterprenure status || business motivation status||1,positive
üò±Motivational Shorts Kaise Banaye | How To Make Motivational Videos On Youtube |,negative
"Life"" - A Silent  Smart & Simple Short Film!""",positive
Top 5 inspiration Dialogue For Students Of Bollywood movie | Top Motivational Dialogue For Students,positive
How Most People View Entrepreneurs in 30 Seconds- Motivational Video,positive
5 Minutes for the Next 50 Years - Mathhew McConaughey Motivational Speech,positive
"what is respect""|Qasim Ali shah status|WhatsApp status|golden lines|motivational speaker|sad status""",positive
Businessman attitude üî• status || boys attitude status üî• || success status || attitude status,positive
Time Story.A Motivational Story.,positive
THE SEED // Inspirational Short Film,positive
Breaking: Oath Taking of Adhoc Judges in Supreme Court | No media interaction | Siddique Jaan,negative
ÿπŸÖÿ±ÿßŸÜ ÿÆÿß⁄∫ ÿ≥€í ÿßŸÖÿ±€å⁄©€å ÿ≥ŸÅÿßÿ±ÿ™ ⁄©ÿßÿ±Ÿà⁄∫ ⁄©€å ŸÖŸÑÿßŸÇÿßÿ™ÿü,negative
Capacity Payments: Why is the issue of IPPs Driving Up Electricity Bills in Pakistan - BBC URDU,negative
21 Days Challenge - How to reprogram your Mind for Success | by Him eesh Madaan,negative
5 Habits of Mentally Strong People in Hindi,positive
FUNNIEST FACTS OF PAKISTAN (2.0),positive
Exam cheating with AI: BBC News Review,negative
Asian Games 2023 Latest News | Anju Bobby George Accuses China Of Cheating | English News | News18,negative
The Chess Cheating Scandal Explained | WSJ,negative
Overseas students launch legal action against Home Office after exam cheating accusations,negative
US teachers in cheating scandal,negative
New AI chatbot 'ChatGPT' interviewed on TV,negative
Thousands claiming no wrongdoing after being accused of cheating English language test,negative
Cheating Becomes Normal During 9th & 10th Class Exams | Breaking News | Dawn News,negative
Why People No Longer Read Books | Between the Lines with Palki Sharma,negative
Befriend Yourself | Nivetha Thomas | TEDxOMCH,positive
Build the BEST Chat App on Web | WhatsApp Clone | Flutter Firebase Riverpod Tutorial,positive
Cheating Is Easier Than Ever For Online College Students | TODAY,negative
Canada coach banned team loses points over drone scandal | REUTERS,negative
Reasons Behind  Aishwarya Rai's Divorce with Abhishek Bachchan,negative
Abhishek Bachchan & Aishwarya Rai To Take Grey Divorce? Know Exactly What It Is,negative
Aishwarya Rai Bachchan's SLAM BOOK goes VIRAL amid divorce speculations with Abhishek Bachchan,negative
Dubai Princess Sheikha Mahra announces divorce from husband due to 'infidelity' | World news | WION,negative
Zoom Live Show: Aishwarya Rai-Abhishek Bachchan's DIVORCE? | Malaika Arora-Arjun Kapoor's patch up?,positive
Jaya Bachchan confirmed Divorce between Aishwarya Rai & Abhishek BLOCKED her on Social Media,negative
Gravitas: Dubai Princess calls out infidelity in public split uses Triple Talaq to end marriage,negative
The Divorced Billionaire Heiress Full Movie In English Review | Chris Pine Halston Sage,negative
How R&AW Once Almost KILLED Pakistan PM NAWAZ SHARIF,negative
Naga Chaitanya & Samantha On One Stage After Divorce | Prime Video Launch Event | TV5 Tollywood,positive
Abhishek Bachchan And Aishwarya Rai Divorce? | Bollywood Actors | Breaking News,negative
Abhishek Bachchan confirmed divorce with aishwarya rai & gave a shocking Reaction on their divorce,positive
What is Grey Divorce | Aishwarya Rai & Abhishek Bachchan getting a Divorce | Sanskriti IAS | UPSC,negative
The SHOCKING Divorce Of Dubai Princess Sheikha Mahra. What Exactly Happened ?,negative
Breaking: Oath Taking of Adhoc Judges in Supreme Court | No media interaction | Siddique Jaan,negative
Capacity Payments: Why is the issue of IPPs Driving Up Electricity Bills in Pakistan - BBC URDU,negative
Bad News For Bachchan Family? | Shocking Statement | Bollywood Actors | Breaking News,negative
Sheikha Mahra's First Message After Divorce | Shocking Photos Gets Viral | Public News,positive
FULL SPEECH: President Joe Biden gives address after dropping out of 2024 election,positive
US military intercepts Russian Chinese bombers near Alaska | World English News | WION,negative
US military intercepts Russian Chinese bombers near Alaska | Latest English News | WION,negative
Bangladesh deploys UN-marked vehicles to quell student protests | DW News,negative
Olympics opening ceremony 'Last Supper' parody sparks anger among Catholics conservatives,positive
Priyanka Chopra Jonas on body shaming social media and pay parity - BBC World Service,negative
Harris slams Trump at her first presidential rally,negative
BREAKING: Trump rally shooter bodycam released after assassination attempt | LiveNOW from FOX,negative
Learn English with the JOE ROGAN PODCAST ‚Äî Elon Musk,positive
How is the loneliness epidemic affecting society? | The Stream,negative
US hails productive talks with China at ASEAN summit | DW News,positive
Are you addicted to social media?,negative
LIVE: Latest News Headlines and Events l ABC News Live,positive
Russia-Ukraine war LIVE: Russia burns NATO weapons; 2000 Ukrainians troops 'Killed' | WION LIVE,negative
Social Media is Making Us Unsocial | Kristin Gallucci | TEDxBocaRaton,negative
MIT 6.S191 (2021): Convolutional Neural Networks,positive
The dangers of social media addiction,negative
US finance regulators investigate Donald Trump's new social media deal | Latest World English News,negative
Live: Israeli Prime Minister Netanyahu addresses US Congress | DW News,positive
Feed your brain ‚è≤Ô∏è 6 Minute English,negative
TRANSFORMERS ONE | Official Trailer 2 (2024 Movie) - Chris Hemsworth Brian Tyree Henry,positive
'We did it!': France celebrates successful Olympics opening ceremony despite challenges,positive
Paris Olympics:  arson attacks bring chaos to French rail network before opening ceremony | BBC News,negative
Paris Olympics 2024: Grand Opening Ceremony Sparks Massive Uproar For ‚ÄòAnti-Christianity‚Äô Acts,positive
Paris set for 2024 Olympics opening ceremony as security tightened | BBC News,negative
Deadpool & Wolverine Movie Review | Yogi¬†Bolta¬†Hai,positive
Zelensky sacks Ukraine's ambassador to UK after criticism | English News | WION,negative
IAS Smita Sabharwal's Disability Quota Remark Draws Massive Criticism & Other News,negative
Priyanka Chopra Jonas on body shaming social media and pay parity - BBC World Service,negative
Pakistan Military Brushes Aside Criticism Of New ‚ÄòVision‚Äô | Dawn News English,positive
Shashi Tharoor‚Äôs Stinging Criticism Of Sitharaman‚Äôs Budget 2024; ‚ÄòModi Govt Has Run Out Of Ideas‚Ä¶‚Äô,negative
Sleep Will Not Fix Your Fatigue. Here's Why. | Vantage with Palki Sharma,negative
How BeerBiceps became a 100 crores Media Giant?  | Indian Business Podcast : Episode 11,negative
Italian PM Giorgia Meloni in China To Meet President Xi Jinping,positive
Son of slain Canadian Sikh leader speaks out on allegations India responsible for father's murder,negative
Santos faces fresh criticism after admitting to falsifying resume I English News I WION,negative
Do Institutions Need Shielding From Criticism? | Spotlight | Dawn News English,positive
India Gives Reality Check To U.S. Over Criticism Of PM Modi‚Äôs Russia Visit: ‚ÄòYou Must Understand‚Ä¶‚Äô,negative
BJP Panelist Shuts Down Congress' Criticism Of PM Modi | Watch | English News,negative
Amazon's bid to mute criticism in China | Latest World English News | Top Headlines,negative
EU calls on Russia to release Kremlin critic Alexei Navalny | English News | WION,negative
US ramps up criticism of Israel over Rafah assault ‚Ä¢ FRANCE 24 English,negative
India Canada Latest News | Trudeau Administration In Canada Under Intense Criticisms | English News,negative
‡¶∂‡¶ø‡¶ï‡ßç‡¶∑‡¶æ ‡¶™‡ßç‡¶∞‡¶§‡¶ø‡¶∑‡ßç‡¶†‡¶æ‡¶® ‡¶ñ‡ßã‡¶≤‡¶æ‡¶∞ ‡¶¨‡¶ø‡¶∑‡¶Ø‡¶º‡ßá ‡¶Ø‡¶æ ‡¶ú‡¶æ‡¶®‡¶æ‡¶≤‡ßá‡¶® ‡¶∂‡¶ø‡¶ï‡ßç‡¶∑‡¶æ‡¶Æ‡¶®‡ßç‡¶§‡ßç‡¶∞‡ßÄ | Education Minister | School | Dainikshiksha,negative
28 July 2024 | The Hindu Newspaper Analysis | 28 July 2024 Current Affairs Today |Editorial Analysis,positive
‡¶Ü‡¶∞‡ßã ‡¶ö‡¶æ‡¶∞‡¶ü‡¶ø ‡¶™‡¶∞‡ßÄ‡¶ï‡ßç‡¶∑‡¶æ ‡¶∏‡ßç‡¶•‡¶ó‡¶ø‡¶§ | HSC Exam | Exam Postponed | BD Carfue | ATN News,negative
‡¶ï‡¶¨‡ßá ‡¶ñ‡ßÅ‡¶≤‡¶õ‡ßá ‡¶∂‡¶ø‡¶ï‡ßç‡¶∑‡¶æ‡¶™‡ßç‡¶∞‡¶§‡¶ø‡¶∑‡ßç‡¶†‡¶æ‡¶® ‡¶ú‡¶æ‡¶®‡¶æ‡¶≤ ‡¶∂‡¶ø‡¶ï‡ßç‡¶∑‡¶æ‡¶Æ‡¶®‡ßç‡¶§‡ßç‡¶∞‡ßÄ | Education Minister | Open Educational institution,positive
RUHS BSc Nursing 2024 Exam Date |RUHS BSc Nursing 2024 Exam Kab Hoga |RUHS BSc Nursing 2024 Strategy,negative
‡¶∂‡¶ø‡¶ï‡ßç‡¶∑‡¶æ‡¶™‡ßç‡¶∞‡¶§‡¶ø‡¶∑‡ßç‡¶†‡¶æ‡¶® ‡¶ï‡¶¨‡ßá ‡¶ñ‡ßÅ‡¶≤‡¶¨‡ßá ‡¶Ø‡¶æ ‡¶ú‡¶æ‡¶®‡¶æ‡¶≤‡ßá‡¶® ‡¶∂‡¶ø‡¶ï‡ßç‡¶∑‡¶æ‡¶Æ‡¶®‡ßç‡¶§‡ßç‡¶∞‡ßÄ | Quota Movement | Education Minister | Nowfel,negative
‡¶ï‡¶¨‡ßá ‡¶ñ‡ßÅ‡¶≤‡¶¨‡ßá ‡¶∂‡¶ø‡¶ï‡ßç‡¶∑‡¶æ ‡¶™‡ßç‡¶∞‡¶§‡¶ø‡¶∑‡ßç‡¶†‡¶æ‡¶®? ‡¶Ø‡¶æ ‡¶¨‡¶≤‡¶≤‡ßá‡¶® ‡ß® ‡¶Æ‡¶®‡ßç‡¶§‡ßç‡¶∞‡ßÄ | Curfew | Home & Education Minister | Jamuna TV,negative
AI education tools are helping students learn grow and gain confidence,positive
The problem of education inequality | CNBC Reports,negative
Is AI bad news for education?,negative
Bihar news Live : ‡§¨‡§ø‡§π‡§æ‡§∞ ‡§ï‡•á ‡§∂‡§ø‡§ï‡•ç‡§∑‡§ï‡•ã‡§Ç ‡§ï‡•Ä ‡§¨‡§¶‡§≤‡•Ä ‡§ú‡§æ‡§è‡§ó‡•Ä ‡§∏‡•ç‡§ï‡•Ç‡§≤ ‡§ü‡§æ‡§á‡§Æ‡§ø‡§Ç‡§ó ?| Bihar School Timing Change Live,negative
Democratic candidates debate: Education | ABC News,negative
Sindh Education Dept Mein Uhday Tabdeel Karny Ka Faisla | Dunya News,negative
Why Finland's schools outperform most others across the developed world | 7.30,positive
India: New education Reforms aims to start schooling at children at the age of 3 | World News,positive
Why The Education System Is Failing America | CNBC Marathon,negative
Education strategies have done 'little' to improve outcomes report says | ABC News,negative
‡¶™‡ßÅ‡¶≤‡¶ø‡¶∂‡¶ø ‡¶π‡¶Ø‡¶º‡¶∞‡¶æ‡¶®‡¶ø ‡¶Æ‡ßã‡¶ï‡¶æ‡¶¨‡ßá‡¶≤‡¶æ‡¶Ø‡¶º ‡¶∂‡¶ø‡¶ï‡ßç‡¶∑‡¶æ‡¶∞‡ßç‡¶•‡ßÄ‡¶¶‡ßá‡¶∞ ‡¶Ø‡ßá ‡¶™‡¶∞‡¶æ‡¶Æ‡¶∞‡ßç‡¶∂ ‡¶¶‡¶ø‡¶≤‡ßá‡¶® ‡¶∂‡¶ø‡¶ï‡ßç‡¶∑‡¶æ‡¶Æ‡¶®‡ßç‡¶§‡ßç‡¶∞‡ßÄ |Education Minister |Channel 24,positive
Exam cheating with AI: BBC News Review,negative
Exam cheating scandal hits the US,negative
US tariffs on Chinese goods: Biden accuses Beijing of 'cheating' on trade,negative
ABC World News Tonight with David Muir Full Broadcast - July 23 2024,positive
Joe Biden ends re-election campaign | BBC News,negative
US teachers in cheating scandal,negative
Gravitas: Dubai Princess calls out infidelity in public split uses Triple Talaq to end marriage,negative
'They're not competing they're cheating': Biden threatens to triple tariffs on Chinese metals,negative
Cheating Is Easier Than Ever For Online College Students | TODAY,negative
Dubai Princess Sheikha Mahra announces divorce from husband due to 'infidelity' | World news | WION,negative
This gadget means police can ID you anywhere - BBC London,positive
Hear professor's prediction on the future of AI tools,positive
LIVE: President Biden drops out of 2024 presidential race endorses VP Kamala Harris,negative
Chess cheating saga rolls on to US Championships | DW News,positive
Golf PRO'S OUTRAGED as PGA TOUR player CAUGHT CHEATING LIVE!!,negative
Armed wife catches husband in bed with another woman,negative
Wife orchestrates murder after cheating on husband in marital bed - Crime Watch Daily Full Episode,negative
Entire High School Class Caught Cheating On Test,negative
CBC News: The National | Jasper wildfire devastation,negative
How brutal was the crackdown of Bangladesh's student protests? | Ask DW,negative
Bangladesh student protests: UN demands investigation of government crackdown,negative
How BeerBiceps became a 100 crores Media Giant?  | Indian Business Podcast : Episode 11,negative
Why People No Longer Read Books | Between the Lines with Palki Sharma,negative
Social media and teenage health ‚è≤Ô∏è 6 Minute English,negative
Bangladesh student leaders arrested 'for their own safety' | DW News,negative
Why people are choosing to quit social media | BBC Ideas,negative
Palki Sharma RETURNS: Explosive Conversation | Elections International Media & Geopolitics | TRS410,positive
Is social media messing with our emotions? | BBC Ideas,negative
'You Are Your Brand:' Using Social Media to Find a Job,negative
"The Secret To Achieving the Impossible"" | Ravi Dubey | TEDxGGDSDCollege""",negative
The dangers of social media addiction,negative
Bangladesh deploys UN-marked vehicles to quell student protests | DW News,negative
Pakistan Forms JIT To Probe Social Media Campaigns | Dawn News English,positive
NDTV 24x7 Live: Nepal Plane Crash | Shambhu Border Blockade | Rahul Gandhi Parliament | Budget 2024,negative
Mental health and resilience - the secrets of inner strength | DW Documentary,positive
MINIMALISM: Official Netflix Documentary (Entire Film),negative
MIT 6.S191 (2021): Convolutional Neural Networks,negative
Is social media good for you? - BBC My World,positive
Simon Sinek: The Advice Young People NEED To Hear | E176,positive
Azma Bukhari's Fake Video On Social Media | Imran Riaz's Reaction | Capital TV,negative
Australia sues social media giant Meta over Fraud Ads | Latest World English News | WION,negative
Budget Analysis With FM Sitharaman: Meme Storm On Social Media Over Budget | ET Now,negative
How to Make Learning as Addictive as Social Media | Luis Von Ahn | TED,positive
US military intercepts Russian Chinese bombers near Alaska | World English News | WION,negative
How is the loneliness epidemic affecting society? | The Stream,negative
Priyanka Chopra Jonas on body shaming social media and pay parity - BBC World Service,negative
How brutal was the crackdown of Bangladesh's student protests? | Ask DW,negative
More than 150 killed in Bangladesh protests | BBC News,negative
Bangladesh | Counting the cost of civil unrest: Dhaka streets busy again after violent protests,negative
Bangladesh deploys UN-marked vehicles to quell student protests | DW News,negative
Bangladesh protesters demand answers for brutal crackdown | DW News,negative
Inside the history of political violence in the United States,positive
America's history of political violence includes attacks on presidents and candidates,negative
‡¶¨‡¶ø‡¶ï‡ßá‡¶≤ ‡ß©‡¶ü‡¶æ‡¶Ø‡¶º ‡¶ö‡¶æ‡¶≤‡ßÅ ‡¶π‡¶ö‡ßç‡¶õ‡ßá ‡¶Æ‡ßã‡¶¨‡¶æ‡¶á‡¶≤ ‡¶á‡¶®‡ßç‡¶ü‡¶æ‡¶∞‡¶®‡ßá‡¶ü | Zunaid Ahmed Palak | Mobile Internet | Rtv News,negative
Bangladesh authorities detain student protest leaders in hospital,negative
Orcas increasing attacks on boats off the coast of Spain | Focus on Europe,positive
NATO chief Stoltenberg urges Turkey to endorse Finland Sweden accession | DW News,negative
Bangladesh PM blames deadly protests on political opponents | BBC News,negative
Warnings of political violence ahead of US midterms | DW News,negative
How Americans view political violence in the US in the wake of Trump assassination attempt,positive
Surging political violence in the US: Is the Secret Service up to the job? | DW News,negative
In Full: President Biden Condemns Political Violence After Trump Shooting,negative
Looking back at America‚Äôs painful history of political violence,positive
My Honest Experience In Pakistan - German Traveller Konstantin Z√ºlske,positive
Why America Is in a New Era of Political Violence | Breaking The Vote,negative
How America's left is preparing for escalating violence | DW News,negative
Why is political violence in the US at its worst since the 1970s?,negative
Why Political Violence in US is at its Worst Since 1970? | Vantage with Palki Sharma,negative
How India silences critics in the US and Canada | Fault Lines Documentary,negative
NOTHING CHANGES IF NOTHING CHANGES 2.0 - Best Motivational Speeches,negative
The psychology of self-motivation | Scott Geller | TEDxVirginiaTech,positive
NEUROSCIENTIST - You Will NEVER Lose Motivation AGAIN!,positive
NO EXCUSES - Best Motivational Video,positive
FOCUS ON YOURSELF NOT OTHERS (motivational video),positive
THE POWER OF POSITIVITY - Best Motivational Video For Positive Thinking,positive
How to Start a Profitable Business? Apna Karobar | By Dr. Subayyal Ikram,negative
How to Build Wealth from Nothing,positive
SACRIFICE = SUCCESS | Best Study Motivation,positive
Modi Visit to Russia | Modi Putin Meet | SU-57 | Floating Nuclear Plant | India-Russia Nuclear Deal,positive
BELIEVE YOU CAN - Motivational Speech,positive
IT‚ÄôS SUPPOSED TO BE HARD - Powerful Motivational Speech,negative
CHANGE YOUR LIFE IN THE NEXT 6 MONTHS - Best Motivational Speech,positive
One of the Greatest Speeches Ever | Steve Jobs,positive
5 Habits of Mentally Strong People in Hindi,positive
Paar chanaa de - music video | ALI WASI KAZMI | AMNA YOUZASAIF | FAN VIDEO,negative
Allah Sy Taluq - Molana Moududi,negative
Karnataka News | Man Accused Of Killing Woman In Bengaluru Hostel Arrested In Madhya Pradesh,negative
New Zealand PM Luxon apologises for care system abuse | Latest English News | WION,negative
Footage of Charlotte Dujardin whipping horse in training has emerged,negative
Foggy disjointed: Joe Biden's US debate performance bordered on 'elder abuse' ‚Ä¢ FRANCE 24 English,negative
Leaked video shows Olympic champion brutally whipping a horse - as she's BANNED from Paris Games,negative
Olympic champion Charlotte Dujardin whips horse 24 times in shocking video,negative
UNICEF: Report Child Physical Abuse,negative
New Zealand inquiry finds 200000 abused in state and religious care | Latest English News | WION,negative
Shocking!!! Arjun Kapoor slaps Radio Mirchi RJ | Radio Mirchi | Radio Mirchi,negative
Treadmill Abuse Murder Trial: Video of Defendant & Victim at Gym,negative
EU proposes stronger rules against online child sexual abuse | Latest English News | WION,negative
Harris slams Trump at her first presidential rally,negative
Indecent Exposure Suspect Caught,negative
Indian peace activist: 'Anti-Muslim violence in India is central to BJP's ideological core',positive
C Spire pulling advertisements from the Paris Olympics: the company said the Olympics 'mocked' th...,negative
Charlotte Dujardin whips horse more than 20 times in video shared with the Guardian,negative
A Palestinian detainee recounts abuse suffered in Israeli Jail,negative
How Dubai became a haven for criminals from around the world | 60 Minutes Australia,positive
'There are children in there': moment councillor stops violence escalating in Leeds riot,positive
Hostages Speak Up About Hamas Sexual Abuse,negative
TZUYANG ON ABUSIVE EX-PARTNER,negative
France rail network crippled by sabotage attacks ahead of Paris Olympics,negative
UK social care workers face 'severe abuse' | Latest English News | WION,negative
Why can't Sweden get gang violence under control? | Focus on Europe,positive
Tanks Out on Switzerland Streets After Rioting Inspired By Violence in France | Watch,negative
Sweden: the gun violence capital of Europe | Full Episode | SBS Dateline,negative
'Black Book of Pushbacks': 'Culture of impunity' across Europe over violence against migrants',negative
Watch: How is Europe faring on violence against women?,negative
Migrant Islamists Targeting Women in Europe,negative
'Excessive violence' used by Turkish police during protests say Council of Europe,negative
Why is football violence rising in Europe?,negative
Anti-tourism protests across Spain continue despite economic growth | BBC News,negative
Refugees in Europe: Where they come from and where they want to go | DW News,negative
The Night That Changed Germany's Attitude To Refugees,negative
Only Two Men Convicted After 1200 Sexual Assaults In Cologne (HBO),negative
Europe migrant crisis: international outrage after violent clashes police-migrants,negative
Stop domestic violence against women! - Council of Europe,positive
Sweden's welcome to refugees disturbed by violent backlash,negative
Combating gender-based violence at EU level,positive
Childs victims of violence [What Europe does for you],positive
Danes top EU list for violence against women,positive
Violent clashes erupt with NATO forces in eastern Europe,negative
Reducing gun violence in Europe,positive
Freedom from Violence against Women - Impact of the European Convention on Human Rights,positive
Migrant Crisis Tensions Turn Bloody In Europe | VICE on HBO (Bonus),negative
INDIA'S DEFENCE BUDGET 2024 | Big Disappointment | Compared to USA and China | By Prashant Dhawan,negative
News Words: Disappointed,negative
Israel says Biden's threat on stopping arms is 'disappointing' ‚Ä¢ FRANCE 24 English,negative
France's far right 'sad and disappointed' over election result | Latest English News | WION,negative
Latest News | Supreme Court's Decision Disappointing | Centre Will Misuse ED More | English News,negative
Opposition Leaders Show Their Disappointment Over Rumors About Kamal Nath | English News | News18,negative
Disappointment resentment for National Rally after French election defeat ‚Ä¢ FRANCE 24 English,negative
Efforts To Create Rift Between Imran And Army Disappointing | Developing | Dawn News English,negative
COP27: Historic ‚Äòloss and damage‚Äô deal reached at climate talks,negative
"How The British Took Over India"" - TREVOR NOAH (from ""Afraid Of The Dark"" on Netflix)""",positive
President Obama's Farewell Address,negative
Gravitas | India: A pandemic success story,positive
Budget War Escalates: Ruckus In Parliament; Opposition Says ‚ÄòEveryone Is Disappointed Except‚Ä¶‚Äô,negative
USA News Live | Abortion-Rights Supporters Disappointed | US Abortion News | English News Live,negative
Article 370 | Political parties In Jammu And Kashmir Stay Disappointed | English News | News18,negative
WION Dispatch: Pakistan's EC disappointed over PM Imran Khan's allegations | Latest English News,negative
7 At Seven With Preeti Choudhry: PM's 'Negative Politics' Charge On Oppn | Kamala Replaces Biden!,negative
Negative scare campaigns continue from both sides of politics | ABC News,negative
Kamala Harris: A Stronger Candidate Against Trump? | WSJ,negative
Political Spectrums Explained ‚Äî Why is there a left wing and right wing?,negative
How negative political ads impact voter moral,negative
Is Following News & Politics Bad for Your Health?,negative
‚ÄòBringing the fight to Trump': How VP Kamala Harris candidacy has energized American politics,positive
Politics Today | 26/07/2024,positive
A look at Kamala Harris' legal career and political record,positive
LIVE: President Biden drops out of 2024 presidential race endorses VP Kamala Harris,negative
Harris slams Trump at her first presidential rally,negative
ELECTION RESULTS IN FULL: Watch every moment of the 2022 Australian Federal Election on ABC News,positive
Zuckerberg Calls Trump 'Badass' Without Endorsing Him #politics,positive
The key battlegrounds in the 2022 Federal Election | ABC News,positive
'Awfully weird': Trump 'absolutely' regretting picking JD Vance,negative
Planned Nationwide Hardship Protest Edo Governorship Election +More | Politics Today,negative
My Honest Experience In Pakistan - German Traveller Konstantin Z√ºlske,positive
Pakistan‚Äôs Economic Crisis: Rising Debt IMF addiction with elusive growth and broken politics,positive
Joe Biden: a 50-year political journey of tragedy and triumph,positive
Congress News | Congress Accuses PM Modi Of Doing ‚ÄòPetty Politics‚Äô Over Agnipath Scheme | News18,negative
Did Hungary violate the European Treaty? | DW News,negative
Negative Political Ads - Lakeland News at Ten - October 28 2014,negative
Foggy disjointed: Joe Biden's US debate performance bordered on 'elder abuse' ‚Ä¢ FRANCE 24 English,negative
Congress On Bonds | PM Abuse Politics | U.S On Arunachal | BJP Alliance Buzz LIVE | CJI PKG | N18L,negative
The US drug abuse epidemic is killing 300 Americans a day | The Bottom Line,negative
How brutal was the crackdown of Bangladesh's student protests? | Ask DW,negative
Facebook may pull social media platforms from Europe | Technology news | WION,negative
DW News livestream | Headline news from around the world,positive
Hungary Slovakia call for EU action after Ukraine bans Russia‚Äôs Lukoil | DW News,negative
The dangers of social media addiction,negative
UK Cops Kick & Punch Man At Manchester Airport In Viral Video Sparks Outrage | English News,positive
Watch CGTN Europe News LIVE 24/7,positive
Why Europe still pays billions for Russian fossil fuels | DW Business,negative
Russia-Ukraine war LIVE: NATO preparing for war with Russia and its allies in Europe,positive
Euronews English Live,positive
Is social media good for you? - BBC My World,positive
US hails productive talks with China at ASEAN summit | DW News,positive
Are you addicted to social media?,negative
More than 100 flights cancelled in Germany as climate activists target airports across Europe,negative
Why People No Longer Read Books | Between the Lines with Palki Sharma,negative
MINIMALISM: Official Netflix Documentary (Entire Film),negative
MIT 6.S191 (2021): Convolutional Neural Networks,negative
Elon Musk Says He's Aligned With EU's New Social Media Regulations,positive
NATO finds gaping holes in Europe's defence | Latest English News | WION Pulse,negative
India‚Äôs Reliance Bollywood fuel Ambani wedding hype through social media,negative
Cause of Death of Every US President,negative
The V!ctims Of Kris Tyson SPEAK Out About What Actually Happened,positive
Celine Dion RETURNS TO STAGE At 2024 Paris Olympics Opening Ceremony,positive
Barkha Dutt's Kargil Diaries I An Inside Look at The War Between India & Pakistan I Tiger Hill,positive
Preity Zinta in Lakshya Was Based on Barkha Dutt I Here are Some Reel & Real Moments I Kargil War,positive
LIVE: President Biden drops out of 2024 presidential race endorses VP Kamala Harris,negative
THAT Book Controversy Public Perception Lifestyle and Tawheed | Mufti Menk #363,negative
Kamala Harris: A Stronger Candidate Against Trump? | WSJ,negative
PBS News Hour full epsiode July 24 2024,negative
Jon Meacham on what history will remember about President Biden,positive
Sewing App Forced to CHANGE NAME in Trademark Dispute,negative
WATCH LIVE: Biden addresses the nation after dropping out of 2024 race | PBS News Special Coverage,positive
The CODY KO situation is getting WORSE.,negative
The billion dollar business of gambling addiction | DW Documentary,negative
when trauma is trending on TikTok,negative
Harris slams Trump at her first presidential rally,negative
LIVE: Pres. Biden addresses the nation for the first time since dropping out of 2024 race,positive
How does corruption affect you? | Transparency International,negative
Foggy disjointed: Joe Biden's US debate performance bordered on 'elder abuse' ‚Ä¢ FRANCE 24 English,negative
A corrupt political system.,negative
New Zealand PM Luxon apologises for care system abuse | Latest English News | WION,negative
The US drug abuse epidemic is killing 300 Americans a day | The Bottom Line,negative
Top Story with Tom Llamas - July 24 | NBC News NOW,positive
Freedom of Choice? - How the GOVERNMENT and LOBBIES influence YOU | ENDEVR Documentary,positive
Opioid Tragedy: Inside the Fentanyl Crisis | Ten Dollar Death Trip | ENDEVR Documentary,negative
Abuse of power in the workplace,negative
US blacklists 34 Chinese firms over human rights abuse | Latest World English News,negative
The use and abuse of power | People & Power,negative
Congress On Bonds | PM Abuse Politics | U.S On Arunachal | BJP Alliance Buzz LIVE | CJI PKG | N18L,negative
üá∫üá∏US investigators expand Catholic child sex abuse scandal probe l Al Jazeera English,negative
Olympics opening ceremony 'Last Supper' parody sparks anger among Catholics conservatives,positive
Paris 2024 Summer Olympics set for 'most incredible' opening ceremony ever ‚Ä¢ FRANCE 24 English,positive
More than 150 killed in Bangladesh protests | BBC News,negative
Slovenia Has Suffered Its Worst-Ever Floods | Slovenia Floods News | English News | News18,negative
WATCH: Biden delivers address on his decision to exit the 2024 race | NBC News,positive
C√©line Dion SINGS & More: All the EPIC Moments from the Opening Ceremony! | 2024 Olympics | E! News,positive
Manchester United losses soar after worst-ever Premier League season | BBC News,negative
Worst ever Big Pharma acquisition? | DW News,negative
Catalonia: State of emergency declared as region faces worst ever drought | BBC News,negative
What is the Worst Thing You Ever Heard Your Mommy Say?,negative
Olympics Opening Ceremony: Controversy Rages | Is Religion Private In Sports | NewsX,negative
My Most Difficult Interview Ever - Palki Sharma on Pakistan‚Äôs Ex-President,negative
Gravitas Plus: Are you financially literate?,positive
Brazil battles nature as ‚Äòlargest ever‚Äô floods submerge whole cities,negative
How artificial intelligence is helping scientists talk to animals - BBC News,positive
Ukraine calls Russia's UNSC Presidency as 'the worst joke ever' | Latest English News | WION,negative
Bangladesh PM blames deadly protests on political opponents | BBC News,negative
NHS in England facing worst staffing crisis in history | Latest English News | WION News,negative
CBC News: The National | Jasper wildfire devastation,negative
Angry Israelis Tell Netanyahu To 'Be A Human'; Nancy Pelosi Rips 'Worst' U.S. Congress Speech,negative
" Trump Too Small "" T-shirt Trademark Dispute | Public Figure Name on tshirt | Donald Trump Dispute""",negative
'You are a rude terrible person' : Trump attacks CNN reporter,negative
Diagnosing Public Figures | Donald Trump / Narcissistic Personality Disorder Controversy,negative
ANGRY Sushant Singh Rajput FIGHTS With Reporter In Public Asking About Pakistan Incident,negative
India vs Bharat | The Origin of a Controversy | Dhruv Rathee,negative
10 Famous People Allegedly Killed By the Illuminati,negative
The Quint: 5 Times Modi's Speeches Stirred up Controversy,negative
Mia Khalifa: Public Figure and Influencer | Full Q&A | Oxford Union,positive
Perfomance Ke Duran Konsi Had Paar Hogayi | Shazia Manzoor Duran-e-Show Uth Kar Chali Gayin?,negative
Forensic audit of private power plants? | Unit will give 9 rupees? | Asif Inam Big Statement | GNN,negative
Shazia Manzoor Fight In Public Demand Live Show | Public News,positive
Hadiqa's Story | National Point,positive
Breaking: Oath Taking of Adhoc Judges in Supreme Court | No media interaction | Siddique Jaan,negative
Capacity Payments: Why is the issue of IPPs Driving Up Electricity Bills in Pakistan - BBC URDU,negative
Tiktoker CM as BahuBali Of Pakistan | Maryam Nawaz Sharif | Ashleel Tiwari | Nashpati | IQE,positive
PM Imran Khan Kay Lassan Kis Nay Lagaye??  | Exclusive Interview | Nashpati | PTI Chairman,negative
Call From America To Release Imran Khan | Orya Maqbool Jan Meets Imran Khan? | GNN Studios Podcast,negative
Hackers expose deep cybersecurity vulnerabilities in AI | BBC News,negative
KreekCraft RAGES at Roblox Hacker...,negative
The Hack That Made China a Superpower: Operation Shady Rat,negative
Laura Ingraham: Kamala Harris is a 'left wing hack',negative
How Russian Hackers Stole $100M from US Banks | Cyberwar,negative
CrowdStrike Aftermaths MGM Hacker Arrested & Telegram Exploit | cybernews.com,negative
Are Hackers the Biggest Threat to America√¢‚Ç¨‚Ñ¢s Critical Infrastructure? | Cyberwar,negative
BREAKING: Widespread technology outage disrupts flights banks and media outlets | LiveNOW from FOX,negative
CrowdStrike Created a Major Outage AT&T & Hackers | cybernews.com,negative
Some bad code just broke a billion Windows machines,negative
How the FBI Hacked the Trump Shooter's Phone,negative
Cyber Attacks | 60 Minutes Full Episodes,negative
Inside Russia√¢‚Ç¨‚Ñ¢s Hacker Underworld,negative
CrowdStrike CEO on global outage: Goal now is to make sure every customer is back up and running,positive
Prime Minister Bennett on the murder of 12 Israeli children by Hezbullah: Time for action,negative
Victim explains how Amazon account was hacked using 'credential stuffing',negative
The Chinese Hack that Stole 22m People√¢‚Ç¨‚Ñ¢s Data | Cyberwar,negative
How you get Hacked: what attackers use today,negative
Major global cyber outage hits airlines banks and media outlets impacting millions,positive
The Flaws that Allow Hackers to Remotely Access Cars | Cyberwar,negative
Behind the Hacks: The Origins of Anonymous | Cyberwar,positive
CrowdStrike Blew Up The Internet,negative
Unknown Hacker Bricks 600000 Routers,negative
Leaked files reveal Chinese international hacking efforts,negative
What are Transformers (Machine Learning Model)?,positive
"Transformers, explained: Understand the model behind GPT, BERT, and T5",positive
Live -Transformers Indepth Architecture Understanding- Attention Is All You Need,positive
"Transformer Neural Networks, ChatGPT's foundation, Clearly Explained!!!",positive
Illustrated Guide to Transformers Neural Network: A step by step explanation,positive
Stanford CS25: V2 I Introduction to Transformers w/ Andrej Karpathy,positive
"Attention is all you need (Transformer) - Model explanation (including math), Inference and Training",positive
Transformers for beginners | What are they and how do they work,positive
"15-Minute Hugging Face Tutorial: Transformers, Pipeline, Fine Tuning, Sentiment Analysis NLP Project",positive
"But what is a GPT?  Visual intro to transformers | Chapter 5, Deep Learning",positive
Transformers: The best idea in AI | Andrej Karpathy and Lex Fridman,positive
Transformers in NLP | GeeksforGeeks,positive
"MIT 6.S191: Recurrent Neural Networks, Transformers, and Attention",positive
Pytorch Transformers from Scratch (Attention is all you need),positive
"But what is a GPT?  Visual intro to transformers | Chapter 5, Deep Learning",positive
"1. Introduction, Finite Automata, Regular Expressions",positive
AI Language Models & Transformers - Computerphile,positive
Text Generation with Transformers (GPT-2) In 10 Lines Of Code,positive
"Let's build GPT: from scratch, in code, spelled out.",positive
Transformer Neural Networks - EXPLAINED! (Attention is all you need),positive
New Python Coders Be Like...,positive
Expert Python Tutorial #1 - Overview of Python & How it Works,positive
5 Effective Tips to Learn Python Fast (Pro Hacks)üî•,positive
3 Great Books for Learning Python - Beginner to Proficiency,positive
HOW I Learned Python in 30 Days? BEST Python Course,positive
Harvard CS50‚Äôs Introduction to Programming with Python ‚Äì Full University Course,positive
Advanced Computer Vision with Python - Full Course,positive
The ultimate introduction to modern GUIs in Python [ with tkinter ],positive
Advanced Data Analytics using Python & Python Automation Full Course | ZaranTech,positive
25 nooby Python habits you need to ditch,positive
James Powell: So you want to be a Python expert? | PyData Seattle 2017,positive
Complete python roadmap | How to become an expert in python programming,positive
How To Master Python,positive
"Attention is all you need (Transformer) - Model explanation (including math), Inference and Training",positive
Elon Musk fires employees in twitter meeting DUB,negative
Intermediate Python Programming Course,positive
"MIT 6.S191: Recurrent Neural Networks, Transformers, and Attention",positive
Ali Zaryoun Complete Video | Abhi Kuch Log Baqi Hain | RWP/ ISB Chapter 2024,neutral
Learn Python in 59.001 seconds,positive
Advanced Python Series - Iterators Vs Generators,positive
I Create Dashboard in One Minute using Python | Python for beginners | #python #coding #programming,positive
"1. Introduction, Finite Automata, Regular Expressions",positive
MEALY Machines | TAFL | TOC | AKTU | Automata theory #learncswitharshi #tafl,positive
Lec-3: What is Automata in TOC | Theory of Computation,positive
"MIT 6.S191: Recurrent Neural Networks, Transformers, and Attention",positive
"But what is a GPT?  Visual intro to transformers | Chapter 5, Deep Learning",positive
Stanford CS25: V2 I Introduction to Transformers w/ Andrej Karpathy,positive
